key,hasher,capacity,operation,library,sample,ns_per_op
u64,sip,128,clear-refill,micro,0,883.309839
u64,sip,128,clear-refill,baseline,0,1523.804083
u64,sip,128,clear-refill,quick_cache,0,1373.901099
u64,sip,128,clear-refill,lru,0,4391.681299
u64,sip,128,clear-refill,hashlink,0,3004.028829
u64,sip,128,clear-refill,baseline,1,1372.563821
u64,sip,128,clear-refill,quick_cache,1,1212.982052
u64,sip,128,clear-refill,lru,1,4376.458443
u64,sip,128,clear-refill,hashlink,1,2993.666667
u64,sip,128,clear-refill,micro,1,852.972535
u64,sip,128,clear-refill,quick_cache,2,1223.574749
u64,sip,128,clear-refill,lru,2,4444.160746
u64,sip,128,clear-refill,hashlink,2,3079.459360
u64,sip,128,clear-refill,micro,2,866.008660
u64,sip,128,clear-refill,baseline,2,1277.791975
u64,sip,128,clear-refill,lru,3,4391.388938
u64,sip,128,clear-refill,hashlink,3,2975.386675
u64,sip,128,clear-refill,micro,3,871.420007
u64,sip,128,clear-refill,baseline,3,1261.139218
u64,sip,128,clear-refill,quick_cache,3,1207.005793
u64,sip,128,clear-refill,hashlink,4,2964.902786
u64,sip,128,clear-refill,micro,4,867.790351
u64,sip,128,clear-refill,baseline,4,1249.271297
u64,sip,128,clear-refill,quick_cache,4,1243.710271
u64,sip,128,clear-refill,lru,4,4394.112478
u64,sip,128,clear-refill,micro,5,854.084885
u64,sip,128,clear-refill,baseline,5,1289.775084
u64,sip,128,clear-refill,quick_cache,5,1232.998521
u64,sip,128,clear-refill,lru,5,4548.447273
u64,sip,128,clear-refill,hashlink,5,3065.410539
u64,sip,128,clear-refill,baseline,6,1744.070457
u64,sip,128,clear-refill,quick_cache,6,1223.203373
u64,sip,128,clear-refill,lru,6,4150.726141
u64,sip,128,clear-refill,hashlink,6,3002.650660
u64,sip,128,clear-refill,micro,6,864.219668
u64,sip,128,clear-refill,quick_cache,7,1236.705417
u64,sip,128,clear-refill,lru,7,4514.778881
u64,sip,128,clear-refill,hashlink,7,3088.660902
u64,sip,128,clear-refill,micro,7,865.237584
u64,sip,128,clear-refill,baseline,7,1288.285677
u64,sip,128,clear-refill,lru,8,4417.256184
u64,sip,128,clear-refill,hashlink,8,3037.692588
u64,sip,128,clear-refill,micro,8,874.744752
u64,sip,128,clear-refill,baseline,8,1340.864307
u64,sip,128,clear-refill,quick_cache,8,1241.465988
u64,sip,128,clear-empty,micro,0,0.372492
u64,sip,128,clear-empty,baseline,0,47.492462
u64,sip,128,clear-empty,quick_cache,0,1.859103
u64,sip,128,clear-empty,lru,0,0.666800
u64,sip,128,clear-empty,hashlink,0,0.604969
u64,sip,128,clear-empty,baseline,1,48.427667
u64,sip,128,clear-empty,quick_cache,1,1.772682
u64,sip,128,clear-empty,lru,1,0.657762
u64,sip,128,clear-empty,hashlink,1,0.679879
u64,sip,128,clear-empty,micro,1,0.384685
u64,sip,128,clear-empty,quick_cache,2,1.856645
u64,sip,128,clear-empty,lru,2,0.617907
u64,sip,128,clear-empty,hashlink,2,0.622371
u64,sip,128,clear-empty,micro,2,0.388203
u64,sip,128,clear-empty,baseline,2,49.153649
u64,sip,128,clear-empty,lru,3,0.623762
u64,sip,128,clear-empty,hashlink,3,0.612736
u64,sip,128,clear-empty,micro,3,0.378990
u64,sip,128,clear-empty,baseline,3,52.625431
u64,sip,128,clear-empty,quick_cache,3,1.807308
u64,sip,128,clear-empty,hashlink,4,0.622594
u64,sip,128,clear-empty,micro,4,0.419769
u64,sip,128,clear-empty,baseline,4,45.254178
u64,sip,128,clear-empty,quick_cache,4,1.887640
u64,sip,128,clear-empty,lru,4,0.847313
u64,sip,128,clear-empty,micro,5,0.400661
u64,sip,128,clear-empty,baseline,5,51.244396
u64,sip,128,clear-empty,quick_cache,5,1.991613
u64,sip,128,clear-empty,lru,5,0.727069
u64,sip,128,clear-empty,hashlink,5,0.614090
u64,sip,128,clear-empty,baseline,6,51.977279
u64,sip,128,clear-empty,quick_cache,6,2.146870
u64,sip,128,clear-empty,lru,6,0.611862
u64,sip,128,clear-empty,hashlink,6,0.620020
u64,sip,128,clear-empty,micro,6,0.439556
u64,sip,128,clear-empty,quick_cache,7,1.773843
u64,sip,128,clear-empty,lru,7,0.603263
u64,sip,128,clear-empty,hashlink,7,0.611676
u64,sip,128,clear-empty,micro,7,0.367855
u64,sip,128,clear-empty,baseline,7,48.632570
u64,sip,128,clear-empty,lru,8,0.603572
u64,sip,128,clear-empty,hashlink,8,0.605733
u64,sip,128,clear-empty,micro,8,0.366000
u64,sip,128,clear-empty,baseline,8,48.129378
u64,sip,128,clear-empty,quick_cache,8,1.782345
u64,sip,1024,clear-refill,micro,0,7242.945007
u64,sip,1024,clear-refill,baseline,0,10083.250000
u64,sip,1024,clear-refill,quick_cache,0,10082.661290
u64,sip,1024,clear-refill,lru,0,40392.814516
u64,sip,1024,clear-refill,hashlink,0,24709.152709
u64,sip,1024,clear-refill,baseline,1,9874.343195
u64,sip,1024,clear-refill,quick_cache,1,13371.879679
u64,sip,1024,clear-refill,lru,1,38748.400000
u64,sip,1024,clear-refill,hashlink,1,24689.246305
u64,sip,1024,clear-refill,micro,1,7044.307042
u64,sip,1024,clear-refill,quick_cache,2,10061.619718
u64,sip,1024,clear-refill,lru,2,38593.592308
u64,sip,1024,clear-refill,hashlink,2,25173.994975
u64,sip,1024,clear-refill,micro,2,7511.512012
u64,sip,1024,clear-refill,baseline,2,12092.794686
u64,sip,1024,clear-refill,lru,3,40773.715447
u64,sip,1024,clear-refill,hashlink,3,26889.559140
u64,sip,1024,clear-refill,micro,3,7564.674735
u64,sip,1024,clear-refill,baseline,3,10400.295218
u64,sip,1024,clear-refill,quick_cache,3,10330.923554
u64,sip,1024,clear-refill,hashlink,4,26353.947368
u64,sip,1024,clear-refill,micro,4,7290.087464
u64,sip,1024,clear-refill,baseline,4,10912.492375
u64,sip,1024,clear-refill,quick_cache,4,11070.889381
u64,sip,1024,clear-refill,lru,4,39008.077519
u64,sip,1024,clear-refill,micro,5,7451.564829
u64,sip,1024,clear-refill,baseline,5,10903.233115
u64,sip,1024,clear-refill,quick_cache,5,10429.254167
u64,sip,1024,clear-refill,lru,5,40919.040650
u64,sip,1024,clear-refill,hashlink,5,28659.285714
u64,sip,1024,clear-refill,baseline,6,10930.314410
u64,sip,1024,clear-refill,quick_cache,6,10865.420824
u64,sip,1024,clear-refill,lru,6,43907.166667
u64,sip,1024,clear-refill,hashlink,6,27741.254144
u64,sip,1024,clear-refill,micro,6,7856.031397
u64,sip,1024,clear-refill,quick_cache,7,12187.347932
u64,sip,1024,clear-refill,lru,7,40998.286885
u64,sip,1024,clear-refill,hashlink,7,26058.380208
u64,sip,1024,clear-refill,micro,7,7658.754977
u64,sip,1024,clear-refill,baseline,7,12392.841584
u64,sip,1024,clear-refill,lru,8,39907.404762
u64,sip,1024,clear-refill,hashlink,8,26222.298429
u64,sip,1024,clear-refill,micro,8,9636.560694
u64,sip,1024,clear-refill,baseline,8,10859.093275
u64,sip,1024,clear-refill,quick_cache,8,10602.578390
u64,sip,1024,clear-empty,micro,0,0.453530
u64,sip,1024,clear-empty,baseline,0,60.834482
u64,sip,1024,clear-empty,quick_cache,0,1.835107
u64,sip,1024,clear-empty,lru,0,0.658671
u64,sip,1024,clear-empty,hashlink,0,0.746094
u64,sip,1024,clear-empty,baseline,1,64.372816
u64,sip,1024,clear-empty,quick_cache,1,1.856545
u64,sip,1024,clear-empty,lru,1,0.793921
u64,sip,1024,clear-empty,hashlink,1,0.620439
u64,sip,1024,clear-empty,micro,1,0.378388
u64,sip,1024,clear-empty,quick_cache,2,2.189129
u64,sip,1024,clear-empty,lru,2,0.761442
u64,sip,1024,clear-empty,hashlink,2,0.625797
u64,sip,1024,clear-empty,micro,2,0.429168
u64,sip,1024,clear-empty,baseline,2,78.959142
u64,sip,1024,clear-empty,lru,3,0.727508
u64,sip,1024,clear-empty,hashlink,3,0.785638
u64,sip,1024,clear-empty,micro,3,0.466611
u64,sip,1024,clear-empty,baseline,3,59.230978
u64,sip,1024,clear-empty,quick_cache,3,1.891605
u64,sip,1024,clear-empty,hashlink,4,0.810647
u64,sip,1024,clear-empty,micro,4,0.397502
u64,sip,1024,clear-empty,baseline,4,63.004032
u64,sip,1024,clear-empty,quick_cache,4,1.920621
u64,sip,1024,clear-empty,lru,4,0.618102
u64,sip,1024,clear-empty,micro,5,0.379786
u64,sip,1024,clear-empty,baseline,5,64.289833
u64,sip,1024,clear-empty,quick_cache,5,1.855648
u64,sip,1024,clear-empty,lru,5,0.617277
u64,sip,1024,clear-empty,hashlink,5,0.624696
u64,sip,1024,clear-empty,baseline,6,74.477424
u64,sip,1024,clear-empty,quick_cache,6,1.782300
u64,sip,1024,clear-empty,lru,6,0.651791
u64,sip,1024,clear-empty,hashlink,6,0.665965
u64,sip,1024,clear-empty,micro,6,0.366199
u64,sip,1024,clear-empty,quick_cache,7,1.800869
u64,sip,1024,clear-empty,lru,7,0.623355
u64,sip,1024,clear-empty,hashlink,7,0.636602
u64,sip,1024,clear-empty,micro,7,0.386134
u64,sip,1024,clear-empty,baseline,7,59.938770
u64,sip,1024,clear-empty,lru,8,0.622515
u64,sip,1024,clear-empty,hashlink,8,0.603068
u64,sip,1024,clear-empty,micro,8,0.374219
u64,sip,1024,clear-empty,baseline,8,56.191159
u64,sip,1024,clear-empty,quick_cache,8,1.735287
u64,sip,16384,clear-refill,micro,0,115745.272727
u64,sip,16384,clear-refill,baseline,0,230643.909091
u64,sip,16384,clear-refill,quick_cache,0,177155.172414
u64,sip,16384,clear-refill,lru,0,666411.500000
u64,sip,16384,clear-refill,hashlink,0,491723.454545
u64,sip,16384,clear-refill,baseline,1,219711.956522
u64,sip,16384,clear-refill,quick_cache,1,198272.461538
u64,sip,16384,clear-refill,lru,1,793851.142857
u64,sip,16384,clear-refill,hashlink,1,446941.000000
u64,sip,16384,clear-refill,micro,1,144641.657143
u64,sip,16384,clear-refill,quick_cache,2,229570.045455
u64,sip,16384,clear-refill,lru,2,648151.000000
u64,sip,16384,clear-refill,hashlink,2,427388.916667
u64,sip,16384,clear-refill,micro,2,114981.068182
u64,sip,16384,clear-refill,baseline,2,220963.782609
u64,sip,16384,clear-refill,lru,3,663692.750000
u64,sip,16384,clear-refill,hashlink,3,426968.750000
u64,sip,16384,clear-refill,micro,3,115928.022727
u64,sip,16384,clear-refill,baseline,3,205191.640000
u64,sip,16384,clear-refill,quick_cache,3,241041.666667
u64,sip,16384,clear-refill,hashlink,4,423687.500000
u64,sip,16384,clear-refill,micro,4,117598.837209
u64,sip,16384,clear-refill,baseline,4,229975.409091
u64,sip,16384,clear-refill,quick_cache,4,239696.428571
u64,sip,16384,clear-refill,lru,4,671031.250000
u64,sip,16384,clear-refill,micro,5,116444.767442
u64,sip,16384,clear-refill,baseline,5,201041.680000
u64,sip,16384,clear-refill,quick_cache,5,187413.555556
u64,sip,16384,clear-refill,lru,5,682265.625000
u64,sip,16384,clear-refill,hashlink,5,443875.000000
u64,sip,16384,clear-refill,baseline,6,169237.500000
u64,sip,16384,clear-refill,quick_cache,6,176329.034483
u64,sip,16384,clear-refill,lru,6,663625.000000
u64,sip,16384,clear-refill,hashlink,6,438479.166667
u64,sip,16384,clear-refill,micro,6,113323.155556
u64,sip,16384,clear-refill,quick_cache,7,237998.090909
u64,sip,16384,clear-refill,lru,7,647395.875000
u64,sip,16384,clear-refill,hashlink,7,416875.000000
u64,sip,16384,clear-refill,micro,7,115626.909091
u64,sip,16384,clear-refill,baseline,7,230657.181818
u64,sip,16384,clear-refill,lru,8,650312.500000
u64,sip,16384,clear-refill,hashlink,8,416941.000000
u64,sip,16384,clear-refill,micro,8,113708.318182
u64,sip,16384,clear-refill,baseline,8,233897.727273
u64,sip,16384,clear-refill,quick_cache,8,245892.857143
u64,sip,16384,clear-empty,micro,0,0.366007
u64,sip,16384,clear-empty,baseline,0,533.964105
u64,sip,16384,clear-empty,quick_cache,0,1.803500
u64,sip,16384,clear-empty,lru,0,0.595724
u64,sip,16384,clear-empty,hashlink,0,0.606062
u64,sip,16384,clear-empty,baseline,1,319.146925
u64,sip,16384,clear-empty,quick_cache,1,1.775744
u64,sip,16384,clear-empty,lru,1,0.593944
u64,sip,16384,clear-empty,hashlink,1,0.606382
u64,sip,16384,clear-empty,micro,1,0.361934
u64,sip,16384,clear-empty,quick_cache,2,1.764721
u64,sip,16384,clear-empty,lru,2,0.613063
u64,sip,16384,clear-empty,hashlink,2,0.600810
u64,sip,16384,clear-empty,micro,2,0.361038
u64,sip,16384,clear-empty,baseline,2,312.332093
u64,sip,16384,clear-empty,lru,3,0.597474
u64,sip,16384,clear-empty,hashlink,3,0.613511
u64,sip,16384,clear-empty,micro,3,0.381358
u64,sip,16384,clear-empty,baseline,3,332.472656
u64,sip,16384,clear-empty,quick_cache,3,1.732751
u64,sip,16384,clear-empty,hashlink,4,0.599891
u64,sip,16384,clear-empty,micro,4,0.361278
u64,sip,16384,clear-empty,baseline,4,315.374559
u64,sip,16384,clear-empty,quick_cache,4,1.738782
u64,sip,16384,clear-empty,lru,4,0.593763
u64,sip,16384,clear-empty,micro,5,0.366319
u64,sip,16384,clear-empty,baseline,5,314.326513
u64,sip,16384,clear-empty,quick_cache,5,1.766459
u64,sip,16384,clear-empty,lru,5,0.598256
u64,sip,16384,clear-empty,hashlink,5,0.604319
u64,sip,16384,clear-empty,baseline,6,325.254034
u64,sip,16384,clear-empty,quick_cache,6,1.766852
u64,sip,16384,clear-empty,lru,6,0.599722
u64,sip,16384,clear-empty,hashlink,6,0.606953
u64,sip,16384,clear-empty,micro,6,0.366172
u64,sip,16384,clear-empty,quick_cache,7,1.752570
u64,sip,16384,clear-empty,lru,7,0.597766
u64,sip,16384,clear-empty,hashlink,7,0.604706
u64,sip,16384,clear-empty,micro,7,0.365558
u64,sip,16384,clear-empty,baseline,7,324.384221
u64,sip,16384,clear-empty,lru,8,0.596889
u64,sip,16384,clear-empty,hashlink,8,0.607018
u64,sip,16384,clear-empty,micro,8,0.403772
u64,sip,16384,clear-empty,baseline,8,344.681641
u64,sip,16384,clear-empty,quick_cache,8,1.715338
u64,ahash,128,clear-refill,micro,0,707.484437
u64,ahash,128,clear-refill,baseline,0,737.102005
u64,ahash,128,clear-refill,quick_cache,0,800.201472
u64,ahash,128,clear-refill,lru,0,3073.858021
u64,ahash,128,clear-refill,hashlink,0,1816.699964
u64,ahash,128,clear-refill,baseline,1,734.743902
u64,ahash,128,clear-refill,quick_cache,1,768.435377
u64,ahash,128,clear-refill,lru,1,3077.333538
u64,ahash,128,clear-refill,hashlink,1,1804.417900
u64,ahash,128,clear-refill,micro,1,712.435390
u64,ahash,128,clear-refill,quick_cache,2,768.547034
u64,ahash,128,clear-refill,lru,2,3094.549505
u64,ahash,128,clear-refill,hashlink,2,1831.578022
u64,ahash,128,clear-refill,micro,2,718.985191
u64,ahash,128,clear-refill,baseline,2,737.795780
u64,ahash,128,clear-refill,lru,3,3068.634969
u64,ahash,128,clear-refill,hashlink,3,1812.386734
u64,ahash,128,clear-refill,micro,3,728.262453
u64,ahash,128,clear-refill,baseline,3,745.718270
u64,ahash,128,clear-refill,quick_cache,3,772.684593
u64,ahash,128,clear-refill,hashlink,4,1811.639493
u64,ahash,128,clear-refill,micro,4,712.907471
u64,ahash,128,clear-refill,baseline,4,735.090121
u64,ahash,128,clear-refill,quick_cache,4,774.216907
u64,ahash,128,clear-refill,lru,4,3072.993243
u64,ahash,128,clear-refill,micro,5,715.119977
u64,ahash,128,clear-refill,baseline,5,734.922986
u64,ahash,128,clear-refill,quick_cache,5,779.955077
u64,ahash,128,clear-refill,lru,5,3098.358116
u64,ahash,128,clear-refill,hashlink,5,1823.337951
u64,ahash,128,clear-refill,baseline,6,745.730798
u64,ahash,128,clear-refill,quick_cache,6,774.593338
u64,ahash,128,clear-refill,lru,6,3072.302826
u64,ahash,128,clear-refill,hashlink,6,1837.297943
u64,ahash,128,clear-refill,micro,6,726.780523
u64,ahash,128,clear-refill,quick_cache,7,774.233509
u64,ahash,128,clear-refill,lru,7,3061.199510
u64,ahash,128,clear-refill,hashlink,7,1814.124411
u64,ahash,128,clear-refill,micro,7,713.488156
u64,ahash,128,clear-refill,baseline,7,733.103650
u64,ahash,128,clear-refill,lru,8,3051.479561
u64,ahash,128,clear-refill,hashlink,8,1805.204332
u64,ahash,128,clear-refill,micro,8,713.063320
u64,ahash,128,clear-refill,baseline,8,737.167772
u64,ahash,128,clear-refill,quick_cache,8,792.591219
u64,ahash,128,clear-empty,micro,0,0.365343
u64,ahash,128,clear-empty,baseline,0,42.467026
u64,ahash,128,clear-empty,quick_cache,0,1.806791
u64,ahash,128,clear-empty,lru,0,0.562270
u64,ahash,128,clear-empty,hashlink,0,0.608940
u64,ahash,128,clear-empty,baseline,1,59.957738
u64,ahash,128,clear-empty,quick_cache,1,1.792964
u64,ahash,128,clear-empty,lru,1,0.566269
u64,ahash,128,clear-empty,hashlink,1,0.612607
u64,ahash,128,clear-empty,micro,1,0.365850
u64,ahash,128,clear-empty,quick_cache,2,1.781650
u64,ahash,128,clear-empty,lru,2,0.563738
u64,ahash,128,clear-empty,hashlink,2,0.613082
u64,ahash,128,clear-empty,micro,2,0.365380
u64,ahash,128,clear-empty,baseline,2,59.817183
u64,ahash,128,clear-empty,lru,3,0.574837
u64,ahash,128,clear-empty,hashlink,3,0.605936
u64,ahash,128,clear-empty,micro,3,0.365603
u64,ahash,128,clear-empty,baseline,3,59.722156
u64,ahash,128,clear-empty,quick_cache,3,1.795872
u64,ahash,128,clear-empty,hashlink,4,0.607579
u64,ahash,128,clear-empty,micro,4,0.370678
u64,ahash,128,clear-empty,baseline,4,60.627491
u64,ahash,128,clear-empty,quick_cache,4,1.788442
u64,ahash,128,clear-empty,lru,4,0.570827
u64,ahash,128,clear-empty,micro,5,0.369046
u64,ahash,128,clear-empty,baseline,5,59.978216
u64,ahash,128,clear-empty,quick_cache,5,1.782862
u64,ahash,128,clear-empty,lru,5,0.570344
u64,ahash,128,clear-empty,hashlink,5,0.598352
u64,ahash,128,clear-empty,baseline,6,59.665587
u64,ahash,128,clear-empty,quick_cache,6,1.806776
u64,ahash,128,clear-empty,lru,6,0.578092
u64,ahash,128,clear-empty,hashlink,6,0.602417
u64,ahash,128,clear-empty,micro,6,0.366131
u64,ahash,128,clear-empty,quick_cache,7,1.775980
u64,ahash,128,clear-empty,lru,7,0.574905
u64,ahash,128,clear-empty,hashlink,7,0.610275
u64,ahash,128,clear-empty,micro,7,0.369249
u64,ahash,128,clear-empty,baseline,7,60.018657
u64,ahash,128,clear-empty,lru,8,0.568759
u64,ahash,128,clear-empty,hashlink,8,0.601128
u64,ahash,128,clear-empty,micro,8,0.366591
u64,ahash,128,clear-empty,baseline,8,62.192560
u64,ahash,128,clear-empty,quick_cache,8,1.815814
u64,ahash,1024,clear-refill,micro,0,4867.785992
u64,ahash,1024,clear-refill,baseline,0,4997.835165
u64,ahash,1024,clear-refill,quick_cache,0,5890.852768
u64,ahash,1024,clear-refill,lru,0,25604.168367
u64,ahash,1024,clear-refill,hashlink,0,19223.980843
u64,ahash,1024,clear-refill,baseline,1,5037.092649
u64,ahash,1024,clear-refill,quick_cache,1,5819.865116
u64,ahash,1024,clear-refill,lru,1,24215.376812
u64,ahash,1024,clear-refill,hashlink,1,15096.262048
u64,ahash,1024,clear-refill,micro,1,4866.974708
u64,ahash,1024,clear-refill,quick_cache,2,5886.812941
u64,ahash,1024,clear-refill,lru,2,24042.665072
u64,ahash,1024,clear-refill,hashlink,2,14680.718475
u64,ahash,1024,clear-refill,micro,2,4867.420233
u64,ahash,1024,clear-refill,baseline,2,5023.677711
u64,ahash,1024,clear-refill,lru,3,22307.591111
u64,ahash,1024,clear-refill,hashlink,3,14769.787611
u64,ahash,1024,clear-refill,micro,3,4898.097943
u64,ahash,1024,clear-refill,baseline,3,5032.235412
u64,ahash,1024,clear-refill,quick_cache,3,5882.352941
u64,ahash,1024,clear-refill,hashlink,4,15031.906907
u64,ahash,1024,clear-refill,micro,4,4874.025341
u64,ahash,1024,clear-refill,baseline,4,4991.891218
u64,ahash,1024,clear-refill,quick_cache,4,5844.480140
u64,ahash,1024,clear-refill,lru,4,23786.924171
u64,ahash,1024,clear-refill,micro,5,4878.130732
u64,ahash,1024,clear-refill,baseline,5,5035.833837
u64,ahash,1024,clear-refill,quick_cache,5,5899.567217
u64,ahash,1024,clear-refill,lru,5,22369.049107
u64,ahash,1024,clear-refill,hashlink,5,15398.203077
u64,ahash,1024,clear-refill,baseline,6,5005.214214
u64,ahash,1024,clear-refill,quick_cache,6,6076.042527
u64,ahash,1024,clear-refill,lru,6,26492.502646
u64,ahash,1024,clear-refill,hashlink,6,15723.354232
u64,ahash,1024,clear-refill,micro,6,5042.212702
u64,ahash,1024,clear-refill,quick_cache,7,6828.905995
u64,ahash,1024,clear-refill,lru,7,29519.605882
u64,ahash,1024,clear-refill,hashlink,7,16080.385852
u64,ahash,1024,clear-refill,micro,7,5730.956472
u64,ahash,1024,clear-refill,baseline,7,5465.801093
u64,ahash,1024,clear-refill,lru,8,25260.101010
u64,ahash,1024,clear-refill,hashlink,8,17487.178322
u64,ahash,1024,clear-refill,micro,8,6438.117117
u64,ahash,1024,clear-refill,baseline,8,5384.777180
u64,ahash,1024,clear-refill,quick_cache,8,6153.905289
u64,ahash,1024,clear-empty,micro,0,0.421086
u64,ahash,1024,clear-empty,baseline,0,63.656288
u64,ahash,1024,clear-empty,quick_cache,0,1.914908
u64,ahash,1024,clear-empty,lru,0,0.674328
u64,ahash,1024,clear-empty,hashlink,0,0.695093
u64,ahash,1024,clear-empty,baseline,1,63.115864
u64,ahash,1024,clear-empty,quick_cache,1,2.139292
u64,ahash,1024,clear-empty,lru,1,0.617385
u64,ahash,1024,clear-empty,hashlink,1,0.617795
u64,ahash,1024,clear-empty,micro,1,0.417190
u64,ahash,1024,clear-empty,quick_cache,2,2.131244
u64,ahash,1024,clear-empty,lru,2,0.675968
u64,ahash,1024,clear-empty,hashlink,2,0.643597
u64,ahash,1024,clear-empty,micro,2,0.459840
u64,ahash,1024,clear-empty,baseline,2,64.531005
u64,ahash,1024,clear-empty,lru,3,0.596410
u64,ahash,1024,clear-empty,hashlink,3,0.644362
u64,ahash,1024,clear-empty,micro,3,0.384427
u64,ahash,1024,clear-empty,baseline,3,64.757618
u64,ahash,1024,clear-empty,quick_cache,3,1.827476
u64,ahash,1024,clear-empty,hashlink,4,0.616469
u64,ahash,1024,clear-empty,micro,4,0.370833
u64,ahash,1024,clear-empty,baseline,4,65.806713
u64,ahash,1024,clear-empty,quick_cache,4,1.803318
u64,ahash,1024,clear-empty,lru,4,0.571538
u64,ahash,1024,clear-empty,micro,5,0.368313
u64,ahash,1024,clear-empty,baseline,5,55.031360
u64,ahash,1024,clear-empty,quick_cache,5,1.761623
u64,ahash,1024,clear-empty,lru,5,0.583946
u64,ahash,1024,clear-empty,hashlink,5,0.606670
u64,ahash,1024,clear-empty,baseline,6,65.113385
u64,ahash,1024,clear-empty,quick_cache,6,1.789515
u64,ahash,1024,clear-empty,lru,6,0.587315
u64,ahash,1024,clear-empty,hashlink,6,0.605827
u64,ahash,1024,clear-empty,micro,6,0.365166
u64,ahash,1024,clear-empty,quick_cache,7,1.754631
u64,ahash,1024,clear-empty,lru,7,0.573054
u64,ahash,1024,clear-empty,hashlink,7,0.608921
u64,ahash,1024,clear-empty,micro,7,0.368890
u64,ahash,1024,clear-empty,baseline,7,62.486472
u64,ahash,1024,clear-empty,lru,8,0.571211
u64,ahash,1024,clear-empty,hashlink,8,0.605808
u64,ahash,1024,clear-empty,micro,8,0.365624
u64,ahash,1024,clear-empty,baseline,8,55.294856
u64,ahash,1024,clear-empty,quick_cache,8,1.771163
u64,ahash,16384,clear-refill,micro,0,90151.053571
u64,ahash,16384,clear-refill,baseline,0,87945.912281
u64,ahash,16384,clear-refill,quick_cache,0,98185.470588
u64,ahash,16384,clear-refill,lru,0,426225.666667
u64,ahash,16384,clear-refill,hashlink,0,259885.450000
u64,ahash,16384,clear-refill,baseline,1,87104.172414
u64,ahash,16384,clear-refill,quick_cache,1,100105.820000
u64,ahash,16384,clear-refill,lru,1,435017.333333
u64,ahash,16384,clear-refill,hashlink,1,251727.050000
u64,ahash,16384,clear-refill,micro,1,87752.192982
u64,ahash,16384,clear-refill,quick_cache,2,99607.843137
u64,ahash,16384,clear-refill,lru,2,423982.666667
u64,ahash,16384,clear-refill,hashlink,2,258466.650000
u64,ahash,16384,clear-refill,micro,2,89152.052632
u64,ahash,16384,clear-refill,baseline,2,88369.877193
u64,ahash,16384,clear-refill,lru,3,439107.666667
u64,ahash,16384,clear-refill,hashlink,3,264600.894737
u64,ahash,16384,clear-refill,micro,3,89222.228070
u64,ahash,16384,clear-refill,baseline,3,88556.280702
u64,ahash,16384,clear-refill,quick_cache,3,101260.820000
u64,ahash,16384,clear-refill,hashlink,4,295055.555556
u64,ahash,16384,clear-refill,micro,4,91466.654545
u64,ahash,16384,clear-refill,baseline,4,109907.608696
u64,ahash,16384,clear-refill,quick_cache,4,112662.044444
u64,ahash,16384,clear-refill,lru,4,467825.727273
u64,ahash,16384,clear-refill,micro,5,89316.214286
u64,ahash,16384,clear-refill,baseline,5,88402.771930
u64,ahash,16384,clear-refill,quick_cache,5,107045.212766
u64,ahash,16384,clear-refill,lru,5,491257.636364
u64,ahash,16384,clear-refill,hashlink,5,272776.315789
u64,ahash,16384,clear-refill,baseline,6,89698.660714
u64,ahash,16384,clear-refill,quick_cache,6,106531.021277
u64,ahash,16384,clear-refill,lru,6,456087.090909
u64,ahash,16384,clear-refill,hashlink,6,296632.352941
u64,ahash,16384,clear-refill,micro,6,94421.396226
u64,ahash,16384,clear-refill,quick_cache,7,102080.840000
u64,ahash,16384,clear-refill,lru,7,461159.090909
u64,ahash,16384,clear-refill,hashlink,7,282729.166667
u64,ahash,16384,clear-refill,micro,7,90761.160714
u64,ahash,16384,clear-refill,baseline,7,90925.763636
u64,ahash,16384,clear-refill,lru,8,428843.750000
u64,ahash,16384,clear-refill,hashlink,8,268489.000000
u64,ahash,16384,clear-refill,micro,8,94070.203704
u64,ahash,16384,clear-refill,baseline,8,91193.181818
u64,ahash,16384,clear-refill,quick_cache,8,101536.680000
u64,ahash,16384,clear-empty,micro,0,0.370411
u64,ahash,16384,clear-empty,baseline,0,2283.637153
u64,ahash,16384,clear-empty,quick_cache,0,1.812766
u64,ahash,16384,clear-empty,lru,0,0.564664
u64,ahash,16384,clear-empty,hashlink,0,0.600307
u64,ahash,16384,clear-empty,baseline,1,325.743294
u64,ahash,16384,clear-empty,quick_cache,1,1.798352
u64,ahash,16384,clear-empty,lru,1,0.595784
u64,ahash,16384,clear-empty,hashlink,1,0.606165
u64,ahash,16384,clear-empty,micro,1,0.360351
u64,ahash,16384,clear-empty,quick_cache,2,1.873368
u64,ahash,16384,clear-empty,lru,2,0.572865
u64,ahash,16384,clear-empty,hashlink,2,0.615415
u64,ahash,16384,clear-empty,micro,2,0.430710
u64,ahash,16384,clear-empty,baseline,2,346.060101
u64,ahash,16384,clear-empty,lru,3,0.576267
u64,ahash,16384,clear-empty,hashlink,3,0.628025
u64,ahash,16384,clear-empty,micro,3,0.361271
u64,ahash,16384,clear-empty,baseline,3,317.514113
u64,ahash,16384,clear-empty,quick_cache,3,1.799675
u64,ahash,16384,clear-empty,hashlink,4,0.622892
u64,ahash,16384,clear-empty,micro,4,0.365285
u64,ahash,16384,clear-empty,baseline,4,330.609831
u64,ahash,16384,clear-empty,quick_cache,4,1.766459
u64,ahash,16384,clear-empty,lru,4,0.578275
u64,ahash,16384,clear-empty,micro,5,0.370341
u64,ahash,16384,clear-empty,baseline,5,330.512109
u64,ahash,16384,clear-empty,quick_cache,5,1.776067
u64,ahash,16384,clear-empty,lru,5,0.588873
u64,ahash,16384,clear-empty,hashlink,5,0.607698
u64,ahash,16384,clear-empty,baseline,6,539.071263
u64,ahash,16384,clear-empty,quick_cache,6,1.763329
u64,ahash,16384,clear-empty,lru,6,0.574323
u64,ahash,16384,clear-empty,hashlink,6,0.606966
u64,ahash,16384,clear-empty,micro,6,0.369514
u64,ahash,16384,clear-empty,quick_cache,7,1.767347
u64,ahash,16384,clear-empty,lru,7,0.571282
u64,ahash,16384,clear-empty,hashlink,7,0.611121
u64,ahash,16384,clear-empty,micro,7,0.379192
u64,ahash,16384,clear-empty,baseline,7,326.944987
u64,ahash,16384,clear-empty,lru,8,0.571579
u64,ahash,16384,clear-empty,hashlink,8,0.611126
u64,ahash,16384,clear-empty,micro,8,0.371390
u64,ahash,16384,clear-empty,baseline,8,328.293164
u64,ahash,16384,clear-empty,quick_cache,8,1.788710
string24,sip,128,clear-refill,micro,0,3197.410486
string24,sip,128,clear-refill,baseline,0,3128.492183
string24,sip,128,clear-refill,quick_cache,0,3263.707572
string24,sip,128,clear-refill,lru,0,7447.483631
string24,sip,128,clear-refill,hashlink,0,5088.165819
string24,sip,128,clear-refill,baseline,1,3072.507371
string24,sip,128,clear-refill,quick_cache,1,3207.105128
string24,sip,128,clear-refill,lru,1,7433.320951
string24,sip,128,clear-refill,hashlink,1,5188.623444
string24,sip,128,clear-refill,micro,1,3040.931915
string24,sip,128,clear-refill,quick_cache,2,3208.173188
string24,sip,128,clear-refill,lru,2,7452.807750
string24,sip,128,clear-refill,hashlink,2,5121.502559
string24,sip,128,clear-refill,micro,2,3016.988540
string24,sip,128,clear-refill,baseline,2,3120.606987
string24,sip,128,clear-refill,lru,3,7583.081818
string24,sip,128,clear-refill,hashlink,3,5095.977597
string24,sip,128,clear-refill,micro,3,3058.282569
string24,sip,128,clear-refill,baseline,3,3073.044840
string24,sip,128,clear-refill,quick_cache,3,3197.650256
string24,sip,128,clear-refill,hashlink,4,5076.987817
string24,sip,128,clear-refill,micro,4,3042.680657
string24,sip,128,clear-refill,baseline,4,3064.670343
string24,sip,128,clear-refill,quick_cache,4,3250.081222
string24,sip,128,clear-refill,lru,4,7450.706845
string24,sip,128,clear-refill,micro,5,3051.276388
string24,sip,128,clear-refill,baseline,5,3091.187268
string24,sip,128,clear-refill,quick_cache,5,3277.632372
string24,sip,128,clear-refill,lru,5,7533.760542
string24,sip,128,clear-refill,hashlink,5,5116.436605
string24,sip,128,clear-refill,baseline,6,3123.282324
string24,sip,128,clear-refill,quick_cache,6,3242.627997
string24,sip,128,clear-refill,lru,6,7410.678519
string24,sip,128,clear-refill,hashlink,6,5077.834518
string24,sip,128,clear-refill,micro,6,3007.692123
string24,sip,128,clear-refill,quick_cache,7,3225.553836
string24,sip,128,clear-refill,lru,7,7487.712575
string24,sip,128,clear-refill,hashlink,7,5134.540041
string24,sip,128,clear-refill,micro,7,3072.122850
string24,sip,128,clear-refill,baseline,7,3074.907806
string24,sip,128,clear-refill,lru,8,7463.619403
string24,sip,128,clear-refill,hashlink,8,5164.904025
string24,sip,128,clear-refill,micro,8,3038.578372
string24,sip,128,clear-refill,baseline,8,3075.953260
string24,sip,128,clear-refill,quick_cache,8,3199.190019
string24,sip,128,clear-empty,micro,0,0.366897
string24,sip,128,clear-empty,baseline,0,43.255738
string24,sip,128,clear-empty,quick_cache,0,4.050045
string24,sip,128,clear-empty,lru,0,2.223651
string24,sip,128,clear-empty,hashlink,0,0.617009
string24,sip,128,clear-empty,baseline,1,48.493719
string24,sip,128,clear-empty,quick_cache,1,3.961075
string24,sip,128,clear-empty,lru,1,2.234316
string24,sip,128,clear-empty,hashlink,1,0.614964
string24,sip,128,clear-empty,micro,1,0.364552
string24,sip,128,clear-empty,quick_cache,2,3.967071
string24,sip,128,clear-empty,lru,2,2.226093
string24,sip,128,clear-empty,hashlink,2,0.607873
string24,sip,128,clear-empty,micro,2,0.368500
string24,sip,128,clear-empty,baseline,2,48.155038
string24,sip,128,clear-empty,lru,3,2.243058
string24,sip,128,clear-empty,hashlink,3,0.611862
string24,sip,128,clear-empty,micro,3,0.371352
string24,sip,128,clear-empty,baseline,3,48.617178
string24,sip,128,clear-empty,quick_cache,3,4.041867
string24,sip,128,clear-empty,hashlink,4,0.612280
string24,sip,128,clear-empty,micro,4,0.364695
string24,sip,128,clear-empty,baseline,4,42.057292
string24,sip,128,clear-empty,quick_cache,4,3.947532
string24,sip,128,clear-empty,lru,4,2.216659
string24,sip,128,clear-empty,micro,5,0.364375
string24,sip,128,clear-empty,baseline,5,48.215171
string24,sip,128,clear-empty,quick_cache,5,3.977770
string24,sip,128,clear-empty,lru,5,2.245783
string24,sip,128,clear-empty,hashlink,5,0.610319
string24,sip,128,clear-empty,baseline,6,48.017525
string24,sip,128,clear-empty,quick_cache,6,4.028362
string24,sip,128,clear-empty,lru,6,2.255620
string24,sip,128,clear-empty,hashlink,6,0.614480
string24,sip,128,clear-empty,micro,6,0.371171
string24,sip,128,clear-empty,quick_cache,7,4.022521
string24,sip,128,clear-empty,lru,7,2.241037
string24,sip,128,clear-empty,hashlink,7,0.606288
string24,sip,128,clear-empty,micro,7,0.367346
string24,sip,128,clear-empty,baseline,7,49.052074
string24,sip,128,clear-empty,lru,8,2.257372
string24,sip,128,clear-empty,hashlink,8,0.606929
string24,sip,128,clear-empty,micro,8,0.364906
string24,sip,128,clear-empty,baseline,8,48.566416
string24,sip,128,clear-empty,quick_cache,8,4.042934
string24,sip,1024,clear-refill,micro,0,27430.781421
string24,sip,1024,clear-refill,baseline,0,25968.481865
string24,sip,1024,clear-refill,quick_cache,0,27368.393443
string24,sip,1024,clear-refill,lru,0,70030.083333
string24,sip,1024,clear-refill,hashlink,0,45319.441441
string24,sip,1024,clear-refill,baseline,1,26481.042328
string24,sip,1024,clear-refill,quick_cache,1,27911.338889
string24,sip,1024,clear-refill,lru,1,68327.702703
string24,sip,1024,clear-refill,hashlink,1,45385.513514
string24,sip,1024,clear-refill,micro,1,26329.821053
string24,sip,1024,clear-refill,quick_cache,2,27509.846154
string24,sip,1024,clear-refill,lru,2,68184.121622
string24,sip,1024,clear-refill,hashlink,2,44480.088496
string24,sip,1024,clear-refill,micro,2,26323.026316
string24,sip,1024,clear-refill,baseline,2,25834.407216
string24,sip,1024,clear-refill,lru,3,69031.397260
string24,sip,1024,clear-refill,hashlink,3,46749.214953
string24,sip,1024,clear-refill,micro,3,27802.544444
string24,sip,1024,clear-refill,baseline,3,26497.354497
string24,sip,1024,clear-refill,quick_cache,3,27405.284153
string24,sip,1024,clear-refill,hashlink,4,44980.285714
string24,sip,1024,clear-refill,micro,4,26544.751323
string24,sip,1024,clear-refill,baseline,4,26490.301587
string24,sip,1024,clear-refill,quick_cache,4,27689.000000
string24,sip,1024,clear-refill,lru,4,67372.226667
string24,sip,1024,clear-refill,micro,5,25855.670103
string24,sip,1024,clear-refill,baseline,5,25933.937824
string24,sip,1024,clear-refill,quick_cache,5,27080.632432
string24,sip,1024,clear-refill,lru,5,68307.432432
string24,sip,1024,clear-refill,hashlink,5,44335.176991
string24,sip,1024,clear-refill,baseline,6,26288.832461
string24,sip,1024,clear-refill,quick_cache,6,27647.099448
string24,sip,1024,clear-refill,lru,6,68271.405405
string24,sip,1024,clear-refill,hashlink,6,44039.473684
string24,sip,1024,clear-refill,micro,6,26470.238095
string24,sip,1024,clear-refill,quick_cache,7,27348.819672
string24,sip,1024,clear-refill,lru,7,93307.870370
string24,sip,1024,clear-refill,hashlink,7,45726.518182
string24,sip,1024,clear-refill,micro,7,26194.151832
string24,sip,1024,clear-refill,baseline,7,26027.419689
string24,sip,1024,clear-refill,lru,8,68571.342466
string24,sip,1024,clear-refill,hashlink,8,43673.182609
string24,sip,1024,clear-refill,micro,8,25827.319588
string24,sip,1024,clear-refill,baseline,8,26349.563158
string24,sip,1024,clear-refill,quick_cache,8,27318.614130
string24,sip,1024,clear-empty,micro,0,0.365298
string24,sip,1024,clear-empty,baseline,0,47.310079
string24,sip,1024,clear-empty,quick_cache,0,4.039461
string24,sip,1024,clear-empty,lru,0,2.216874
string24,sip,1024,clear-empty,hashlink,0,0.609453
string24,sip,1024,clear-empty,baseline,1,47.049889
string24,sip,1024,clear-empty,quick_cache,1,3.966497
string24,sip,1024,clear-empty,lru,1,2.260300
string24,sip,1024,clear-empty,hashlink,1,0.623688
string24,sip,1024,clear-empty,micro,1,0.368229
string24,sip,1024,clear-empty,quick_cache,2,3.950092
string24,sip,1024,clear-empty,lru,2,2.220525
string24,sip,1024,clear-empty,hashlink,2,0.610214
string24,sip,1024,clear-empty,micro,2,0.370275
string24,sip,1024,clear-empty,baseline,2,47.038546
string24,sip,1024,clear-empty,lru,3,2.237900
string24,sip,1024,clear-empty,hashlink,3,0.609780
string24,sip,1024,clear-empty,micro,3,0.369256
string24,sip,1024,clear-empty,baseline,3,47.408715
string24,sip,1024,clear-empty,quick_cache,3,3.966496
string24,sip,1024,clear-empty,hashlink,4,0.606312
string24,sip,1024,clear-empty,micro,4,0.370833
string24,sip,1024,clear-empty,baseline,4,47.080506
string24,sip,1024,clear-empty,quick_cache,4,4.011548
string24,sip,1024,clear-empty,lru,4,2.257558
string24,sip,1024,clear-empty,micro,5,0.366505
string24,sip,1024,clear-empty,baseline,5,47.508656
string24,sip,1024,clear-empty,quick_cache,5,3.964853
string24,sip,1024,clear-empty,lru,5,2.230017
string24,sip,1024,clear-empty,hashlink,5,0.608916
string24,sip,1024,clear-empty,baseline,6,46.959116
string24,sip,1024,clear-empty,quick_cache,6,3.949359
string24,sip,1024,clear-empty,lru,6,2.226799
string24,sip,1024,clear-empty,hashlink,6,0.613708
string24,sip,1024,clear-empty,micro,6,0.371387
string24,sip,1024,clear-empty,quick_cache,7,3.958832
string24,sip,1024,clear-empty,lru,7,2.221936
string24,sip,1024,clear-empty,hashlink,7,0.616522
string24,sip,1024,clear-empty,micro,7,0.369630
string24,sip,1024,clear-empty,baseline,7,47.403876
string24,sip,1024,clear-empty,lru,8,2.259125
string24,sip,1024,clear-empty,hashlink,8,0.600555
string24,sip,1024,clear-empty,micro,8,0.363964
string24,sip,1024,clear-empty,baseline,8,46.798679
string24,sip,1024,clear-empty,quick_cache,8,3.950322
string24,sip,16384,clear-refill,micro,0,455897.727273
string24,sip,16384,clear-refill,baseline,0,473140.181818
string24,sip,16384,clear-refill,quick_cache,0,482140.181818
string24,sip,16384,clear-refill,lru,0,1217333.400000
string24,sip,16384,clear-refill,hashlink,0,754565.428571
string24,sip,16384,clear-refill,baseline,1,453798.583333
string24,sip,16384,clear-refill,quick_cache,1,484674.272727
string24,sip,16384,clear-refill,lru,1,1251575.000000
string24,sip,16384,clear-refill,hashlink,1,754000.000000
string24,sip,16384,clear-refill,micro,1,470856.000000
string24,sip,16384,clear-refill,quick_cache,2,472905.363636
string24,sip,16384,clear-refill,lru,2,1224325.000000
string24,sip,16384,clear-refill,hashlink,2,742488.142857
string24,sip,16384,clear-refill,micro,2,466670.454545
string24,sip,16384,clear-refill,baseline,2,455742.454545
string24,sip,16384,clear-refill,lru,3,1240508.400000
string24,sip,16384,clear-refill,hashlink,3,760476.142857
string24,sip,16384,clear-refill,micro,3,473083.272727
string24,sip,16384,clear-refill,baseline,3,472094.727273
string24,sip,16384,clear-refill,quick_cache,3,488844.727273
string24,sip,16384,clear-refill,hashlink,4,739559.571429
string24,sip,16384,clear-refill,micro,4,472428.090909
string24,sip,16384,clear-refill,baseline,4,460026.545455
string24,sip,16384,clear-refill,quick_cache,4,477310.545455
string24,sip,16384,clear-refill,lru,4,1215283.200000
string24,sip,16384,clear-refill,micro,5,457151.454545
string24,sip,16384,clear-refill,baseline,5,455174.272727
string24,sip,16384,clear-refill,quick_cache,5,481556.818182
string24,sip,16384,clear-refill,lru,5,1232400.000000
string24,sip,16384,clear-refill,hashlink,5,754053.571429
string24,sip,16384,clear-refill,baseline,6,461140.181818
string24,sip,16384,clear-refill,quick_cache,6,492594.727273
string24,sip,16384,clear-refill,lru,6,1222383.400000
string24,sip,16384,clear-refill,hashlink,6,951270.833333
string24,sip,16384,clear-refill,micro,6,465344.727273
string24,sip,16384,clear-refill,quick_cache,7,481708.363636
string24,sip,16384,clear-refill,lru,7,1214325.000000
string24,sip,16384,clear-refill,hashlink,7,743892.857143
string24,sip,16384,clear-refill,micro,7,464303.090909
string24,sip,16384,clear-refill,baseline,7,458276.545455
string24,sip,16384,clear-refill,lru,8,1207350.000000
string24,sip,16384,clear-refill,hashlink,8,740071.428571
string24,sip,16384,clear-refill,micro,8,470261.363636
string24,sip,16384,clear-refill,baseline,8,451642.333333
string24,sip,16384,clear-refill,quick_cache,8,473545.454545
string24,sip,16384,clear-empty,micro,0,0.370022
string24,sip,16384,clear-empty,baseline,0,326.118532
string24,sip,16384,clear-empty,quick_cache,0,3.986883
string24,sip,16384,clear-empty,lru,0,2.221375
string24,sip,16384,clear-empty,hashlink,0,0.633864
string24,sip,16384,clear-empty,baseline,1,552.779514
string24,sip,16384,clear-empty,quick_cache,1,3.997205
string24,sip,16384,clear-empty,lru,1,2.247206
string24,sip,16384,clear-empty,hashlink,1,0.620784
string24,sip,16384,clear-empty,micro,1,0.369309
string24,sip,16384,clear-empty,quick_cache,2,4.034522
string24,sip,16384,clear-empty,lru,2,2.245731
string24,sip,16384,clear-empty,hashlink,2,0.623415
string24,sip,16384,clear-empty,micro,2,0.367422
string24,sip,16384,clear-empty,baseline,2,318.642893
string24,sip,16384,clear-empty,lru,3,2.217985
string24,sip,16384,clear-empty,hashlink,3,0.619794
string24,sip,16384,clear-empty,micro,3,0.371712
string24,sip,16384,clear-empty,baseline,3,319.267641
string24,sip,16384,clear-empty,quick_cache,3,3.965592
string24,sip,16384,clear-empty,hashlink,4,0.628242
string24,sip,16384,clear-empty,micro,4,0.366292
string24,sip,16384,clear-empty,baseline,4,325.638256
string24,sip,16384,clear-empty,quick_cache,4,4.035087
string24,sip,16384,clear-empty,lru,4,2.245304
string24,sip,16384,clear-empty,micro,5,0.369567
string24,sip,16384,clear-empty,baseline,5,3788.818359
string24,sip,16384,clear-empty,quick_cache,5,3.961372
string24,sip,16384,clear-empty,lru,5,2.216941
string24,sip,16384,clear-empty,hashlink,5,0.624950
string24,sip,16384,clear-empty,baseline,6,418.671792
string24,sip,16384,clear-empty,quick_cache,6,3.948560
string24,sip,16384,clear-empty,lru,6,2.216175
string24,sip,16384,clear-empty,hashlink,6,0.620858
string24,sip,16384,clear-empty,micro,6,0.363196
string24,sip,16384,clear-empty,quick_cache,7,4.020665
string24,sip,16384,clear-empty,lru,7,2.245342
string24,sip,16384,clear-empty,hashlink,7,0.619632
string24,sip,16384,clear-empty,micro,7,0.368570
string24,sip,16384,clear-empty,baseline,7,341.100956
string24,sip,16384,clear-empty,lru,8,2.220907
string24,sip,16384,clear-empty,hashlink,8,0.606557
string24,sip,16384,clear-empty,micro,8,0.365554
string24,sip,16384,clear-empty,baseline,8,324.224065
string24,sip,16384,clear-empty,quick_cache,8,4.185352
string24,ahash,128,clear-refill,micro,0,2481.637717
string24,ahash,128,clear-refill,baseline,0,2575.867147
string24,ahash,128,clear-refill,quick_cache,0,2568.074987
string24,ahash,128,clear-refill,lru,0,5238.612565
string24,ahash,128,clear-refill,hashlink,0,3578.176681
string24,ahash,128,clear-refill,baseline,1,2510.375000
string24,ahash,128,clear-refill,quick_cache,1,2577.920619
string24,ahash,128,clear-refill,lru,1,5294.267725
string24,ahash,128,clear-refill,hashlink,1,3601.931605
string24,ahash,128,clear-refill,micro,1,2454.999018
string24,ahash,128,clear-refill,quick_cache,2,2561.753074
string24,ahash,128,clear-refill,lru,2,5171.837642
string24,ahash,128,clear-refill,hashlink,2,3623.731884
string24,ahash,128,clear-refill,micro,2,2490.703685
string24,ahash,128,clear-refill,baseline,2,2515.929074
string24,ahash,128,clear-refill,lru,3,5176.329193
string24,ahash,128,clear-refill,hashlink,3,3604.556916
string24,ahash,128,clear-refill,micro,3,2487.527101
string24,ahash,128,clear-refill,baseline,3,2510.353916
string24,ahash,128,clear-refill,quick_cache,3,2549.099898
string24,ahash,128,clear-refill,hashlink,4,3590.063173
string24,ahash,128,clear-refill,micro,4,2456.041257
string24,ahash,128,clear-refill,baseline,4,2525.588889
string24,ahash,128,clear-refill,quick_cache,4,2605.958312
string24,ahash,128,clear-refill,lru,4,5230.430962
string24,ahash,128,clear-refill,micro,5,2475.391584
string24,ahash,128,clear-refill,baseline,5,2534.697415
string24,ahash,128,clear-refill,quick_cache,5,2533.286727
string24,ahash,128,clear-refill,lru,5,5188.537344
string24,ahash,128,clear-refill,hashlink,5,3537.423621
string24,ahash,128,clear-refill,baseline,6,2501.041500
string24,ahash,128,clear-refill,quick_cache,6,2540.100559
string24,ahash,128,clear-refill,lru,6,5199.930353
string24,ahash,128,clear-refill,hashlink,6,3592.672414
string24,ahash,128,clear-refill,micro,6,2451.450000
string24,ahash,128,clear-refill,quick_cache,7,2539.635348
string24,ahash,128,clear-refill,lru,7,5165.762397
string24,ahash,128,clear-refill,hashlink,7,3542.138810
string24,ahash,128,clear-refill,micro,7,2466.202170
string24,ahash,128,clear-refill,baseline,7,2538.515228
string24,ahash,128,clear-refill,lru,8,5265.526316
string24,ahash,128,clear-refill,hashlink,8,3585.304659
string24,ahash,128,clear-refill,micro,8,2462.744461
string24,ahash,128,clear-refill,baseline,8,2501.771886
string24,ahash,128,clear-refill,quick_cache,8,2534.381145
string24,ahash,128,clear-empty,micro,0,0.366457
string24,ahash,128,clear-empty,baseline,0,42.386549
string24,ahash,128,clear-empty,quick_cache,0,4.008756
string24,ahash,128,clear-empty,lru,0,2.151256
string24,ahash,128,clear-empty,hashlink,0,0.613631
string24,ahash,128,clear-empty,baseline,1,49.040658
string24,ahash,128,clear-empty,quick_cache,1,3.975176
string24,ahash,128,clear-empty,lru,1,2.144331
string24,ahash,128,clear-empty,hashlink,1,0.611020
string24,ahash,128,clear-empty,micro,1,0.370130
string24,ahash,128,clear-empty,quick_cache,2,4.030293
string24,ahash,128,clear-empty,lru,2,2.174264
string24,ahash,128,clear-empty,hashlink,2,0.610033
string24,ahash,128,clear-empty,micro,2,0.366773
string24,ahash,128,clear-empty,baseline,2,48.353941
string24,ahash,128,clear-empty,lru,3,2.147489
string24,ahash,128,clear-empty,hashlink,3,0.616488
string24,ahash,128,clear-empty,micro,3,0.369889
string24,ahash,128,clear-empty,baseline,3,47.614754
string24,ahash,128,clear-empty,quick_cache,3,3.978728
string24,ahash,128,clear-empty,hashlink,4,0.616566
string24,ahash,128,clear-empty,micro,4,0.372077
string24,ahash,128,clear-empty,baseline,4,48.197121
string24,ahash,128,clear-empty,quick_cache,4,3.979425
string24,ahash,128,clear-empty,lru,4,2.161141
string24,ahash,128,clear-empty,micro,5,0.369850
string24,ahash,128,clear-empty,baseline,5,48.705039
string24,ahash,128,clear-empty,quick_cache,5,4.024179
string24,ahash,128,clear-empty,lru,5,2.150107
string24,ahash,128,clear-empty,hashlink,5,0.604244
string24,ahash,128,clear-empty,baseline,6,47.031889
string24,ahash,128,clear-empty,quick_cache,6,3.962342
string24,ahash,128,clear-empty,lru,6,2.145166
string24,ahash,128,clear-empty,hashlink,6,0.609590
string24,ahash,128,clear-empty,micro,6,0.365836
string24,ahash,128,clear-empty,quick_cache,7,4.002606
string24,ahash,128,clear-empty,lru,7,2.174730
string24,ahash,128,clear-empty,hashlink,7,0.613636
string24,ahash,128,clear-empty,micro,7,0.364535
string24,ahash,128,clear-empty,baseline,7,53.541492
string24,ahash,128,clear-empty,lru,8,2.150125
string24,ahash,128,clear-empty,hashlink,8,0.612380
string24,ahash,128,clear-empty,micro,8,0.369151
string24,ahash,128,clear-empty,baseline,8,53.319780
string24,ahash,128,clear-empty,quick_cache,8,3.989109
string24,ahash,1024,clear-refill,micro,0,21741.121739
string24,ahash,1024,clear-refill,baseline,0,21321.634043
string24,ahash,1024,clear-refill,quick_cache,0,24097.754808
string24,ahash,1024,clear-refill,lru,0,53173.684211
string24,ahash,1024,clear-refill,hashlink,0,31354.950000
string24,ahash,1024,clear-refill,baseline,1,21410.435897
string24,ahash,1024,clear-refill,quick_cache,1,24743.433498
string24,ahash,1024,clear-refill,lru,1,52836.400000
string24,ahash,1024,clear-refill,hashlink,1,33431.386667
string24,ahash,1024,clear-refill,micro,1,21938.776316
string24,ahash,1024,clear-refill,quick_cache,2,24501.219512
string24,ahash,1024,clear-refill,lru,2,50072.910000
string24,ahash,1024,clear-refill,hashlink,2,30949.592593
string24,ahash,1024,clear-refill,micro,2,22110.132159
string24,ahash,1024,clear-refill,baseline,2,22223.888889
string24,ahash,1024,clear-refill,lru,3,51411.989796
string24,ahash,1024,clear-refill,hashlink,3,31281.768750
string24,ahash,1024,clear-refill,micro,3,21826.269565
string24,ahash,1024,clear-refill,baseline,3,21298.936170
string24,ahash,1024,clear-refill,quick_cache,3,24611.519608
string24,ahash,1024,clear-refill,hashlink,4,31318.493750
string24,ahash,1024,clear-refill,micro,4,21505.184549
string24,ahash,1024,clear-refill,baseline,4,21361.170213
string24,ahash,1024,clear-refill,quick_cache,4,23690.250000
string24,ahash,1024,clear-refill,lru,4,50176.250000
string24,ahash,1024,clear-refill,micro,5,21643.857759
string24,ahash,1024,clear-refill,baseline,5,21755.613043
string24,ahash,1024,clear-refill,quick_cache,5,22513.452915
string24,ahash,1024,clear-refill,lru,5,50344.580000
string24,ahash,1024,clear-refill,hashlink,5,31648.202532
string24,ahash,1024,clear-refill,baseline,6,21916.663755
string24,ahash,1024,clear-refill,quick_cache,6,23874.604762
string24,ahash,1024,clear-refill,lru,6,50480.000000
string24,ahash,1024,clear-refill,hashlink,6,31101.708075
string24,ahash,1024,clear-refill,micro,6,21803.082609
string24,ahash,1024,clear-refill,quick_cache,7,23274.694444
string24,ahash,1024,clear-refill,lru,7,49821.782178
string24,ahash,1024,clear-refill,hashlink,7,31327.862500
string24,ahash,1024,clear-refill,micro,7,22029.920705
string24,ahash,1024,clear-refill,baseline,7,21664.683983
string24,ahash,1024,clear-refill,lru,8,50716.747475
string24,ahash,1024,clear-refill,hashlink,8,31265.362500
string24,ahash,1024,clear-refill,micro,8,21654.220779
string24,ahash,1024,clear-refill,baseline,8,21276.595745
string24,ahash,1024,clear-refill,quick_cache,8,24466.058537
string24,ahash,1024,clear-empty,micro,0,0.373875
string24,ahash,1024,clear-empty,baseline,0,61.289760
string24,ahash,1024,clear-empty,quick_cache,0,3.959634
string24,ahash,1024,clear-empty,lru,0,2.141891
string24,ahash,1024,clear-empty,hashlink,0,0.611254
string24,ahash,1024,clear-empty,baseline,1,56.149998
string24,ahash,1024,clear-empty,quick_cache,1,4.022028
string24,ahash,1024,clear-empty,lru,1,2.147360
string24,ahash,1024,clear-empty,hashlink,1,0.612275
string24,ahash,1024,clear-empty,micro,1,0.368042
string24,ahash,1024,clear-empty,quick_cache,2,4.023977
string24,ahash,1024,clear-empty,lru,2,2.145673
string24,ahash,1024,clear-empty,hashlink,2,0.617546
string24,ahash,1024,clear-empty,micro,2,0.369437
string24,ahash,1024,clear-empty,baseline,2,56.402344
string24,ahash,1024,clear-empty,lru,3,2.175674
string24,ahash,1024,clear-empty,hashlink,3,0.619057
string24,ahash,1024,clear-empty,micro,3,0.368056
string24,ahash,1024,clear-empty,baseline,3,56.259923
string24,ahash,1024,clear-empty,quick_cache,3,3.986468
string24,ahash,1024,clear-empty,hashlink,4,0.614592
string24,ahash,1024,clear-empty,micro,4,0.370341
string24,ahash,1024,clear-empty,baseline,4,52.678224
string24,ahash,1024,clear-empty,quick_cache,4,3.951690
string24,ahash,1024,clear-empty,lru,4,2.144713
string24,ahash,1024,clear-empty,micro,5,0.366124
string24,ahash,1024,clear-empty,baseline,5,52.594800
string24,ahash,1024,clear-empty,quick_cache,5,3.944771
string24,ahash,1024,clear-empty,lru,5,2.146252
string24,ahash,1024,clear-empty,hashlink,5,0.607787
string24,ahash,1024,clear-empty,baseline,6,54.926615
string24,ahash,1024,clear-empty,quick_cache,6,3.960107
string24,ahash,1024,clear-empty,lru,6,2.178028
string24,ahash,1024,clear-empty,hashlink,6,0.620459
string24,ahash,1024,clear-empty,micro,6,0.369281
string24,ahash,1024,clear-empty,quick_cache,7,3.976894
string24,ahash,1024,clear-empty,lru,7,2.142938
string24,ahash,1024,clear-empty,hashlink,7,0.612045
string24,ahash,1024,clear-empty,micro,7,0.368903
string24,ahash,1024,clear-empty,baseline,7,55.447813
string24,ahash,1024,clear-empty,lru,8,2.144513
string24,ahash,1024,clear-empty,hashlink,8,0.613207
string24,ahash,1024,clear-empty,micro,8,0.368528
string24,ahash,1024,clear-empty,baseline,8,55.535056
string24,ahash,1024,clear-empty,quick_cache,8,3.974680
string24,ahash,16384,clear-refill,micro,0,449309.000000
string24,ahash,16384,clear-refill,baseline,0,445840.250000
string24,ahash,16384,clear-refill,quick_cache,0,539545.800000
string24,ahash,16384,clear-refill,lru,0,1014000.000000
string24,ahash,16384,clear-refill,hashlink,0,674401.125000
string24,ahash,16384,clear-refill,baseline,1,441875.000000
string24,ahash,16384,clear-refill,quick_cache,1,532083.300000
string24,ahash,16384,clear-refill,lru,1,995555.500000
string24,ahash,16384,clear-refill,hashlink,1,613449.111111
string24,ahash,16384,clear-refill,micro,1,401823.769231
string24,ahash,16384,clear-refill,quick_cache,2,488678.090909
string24,ahash,16384,clear-refill,lru,2,930159.666667
string24,ahash,16384,clear-refill,hashlink,2,553004.200000
string24,ahash,16384,clear-refill,micro,2,362648.857143
string24,ahash,16384,clear-refill,baseline,2,373392.857143
string24,ahash,16384,clear-refill,lru,3,919965.333333
string24,ahash,16384,clear-refill,hashlink,3,557745.333333
string24,ahash,16384,clear-refill,micro,3,364125.000000
string24,ahash,16384,clear-refill,baseline,3,369383.928571
string24,ahash,16384,clear-refill,quick_cache,3,467844.727273
string24,ahash,16384,clear-refill,hashlink,4,549129.200000
string24,ahash,16384,clear-refill,micro,4,368613.142857
string24,ahash,16384,clear-refill,baseline,4,376502.928571
string24,ahash,16384,clear-refill,quick_cache,4,460992.363636
string24,ahash,16384,clear-refill,lru,4,877562.500000
string24,ahash,16384,clear-refill,micro,5,367181.571429
string24,ahash,16384,clear-refill,baseline,5,365672.642857
string24,ahash,16384,clear-refill,quick_cache,5,476447.000000
string24,ahash,16384,clear-refill,lru,5,909819.500000
string24,ahash,16384,clear-refill,hashlink,5,549800.000000
string24,ahash,16384,clear-refill,baseline,6,363071.428571
string24,ahash,16384,clear-refill,quick_cache,6,461810.636364
string24,ahash,16384,clear-refill,lru,6,891083.333333
string24,ahash,16384,clear-refill,hashlink,6,547425.000000
string24,ahash,16384,clear-refill,micro,6,372866.071429
string24,ahash,16384,clear-refill,quick_cache,7,485159.090909
string24,ahash,16384,clear-refill,lru,7,900312.500000
string24,ahash,16384,clear-refill,hashlink,7,553587.500000
string24,ahash,16384,clear-refill,micro,7,367401.785714
string24,ahash,16384,clear-refill,baseline,7,369491.071429
string24,ahash,16384,clear-refill,lru,8,941854.166667
string24,ahash,16384,clear-refill,hashlink,8,561009.333333
string24,ahash,16384,clear-refill,micro,8,376333.357143
string24,ahash,16384,clear-refill,baseline,8,361562.500000
string24,ahash,16384,clear-refill,quick_cache,8,473905.272727
string24,ahash,16384,clear-empty,micro,0,0.372723
string24,ahash,16384,clear-empty,baseline,0,323.186155
string24,ahash,16384,clear-empty,quick_cache,0,4.011548
string24,ahash,16384,clear-empty,lru,0,2.172250
string24,ahash,16384,clear-empty,hashlink,0,0.601429
string24,ahash,16384,clear-empty,baseline,1,324.696337
string24,ahash,16384,clear-empty,quick_cache,1,3.965129
string24,ahash,16384,clear-empty,lru,1,2.141855
string24,ahash,16384,clear-empty,hashlink,1,0.611820
string24,ahash,16384,clear-empty,micro,1,0.372851
string24,ahash,16384,clear-empty,quick_cache,2,3.987729
string24,ahash,16384,clear-empty,lru,2,2.148652
string24,ahash,16384,clear-empty,hashlink,2,0.608105
string24,ahash,16384,clear-empty,micro,2,0.367063
string24,ahash,16384,clear-empty,baseline,2,323.679752
string24,ahash,16384,clear-empty,lru,3,2.140156
string24,ahash,16384,clear-empty,hashlink,3,0.615506
string24,ahash,16384,clear-empty,micro,3,0.369238
string24,ahash,16384,clear-empty,baseline,3,324.248143
string24,ahash,16384,clear-empty,quick_cache,3,3.989858
string24,ahash,16384,clear-empty,hashlink,4,0.610204
string24,ahash,16384,clear-empty,micro,4,0.366718
string24,ahash,16384,clear-empty,baseline,4,325.591341
string24,ahash,16384,clear-empty,quick_cache,4,4.040093
string24,ahash,16384,clear-empty,lru,4,2.159414
string24,ahash,16384,clear-empty,micro,5,0.370534
string24,ahash,16384,clear-empty,baseline,5,322.879355
string24,ahash,16384,clear-empty,quick_cache,5,3.988028
string24,ahash,16384,clear-empty,lru,5,2.169006
string24,ahash,16384,clear-empty,hashlink,5,0.610223
string24,ahash,16384,clear-empty,baseline,6,319.212576
string24,ahash,16384,clear-empty,quick_cache,6,4.025076
string24,ahash,16384,clear-empty,lru,6,2.142795
string24,ahash,16384,clear-empty,hashlink,6,0.609276
string24,ahash,16384,clear-empty,micro,6,0.366399
string24,ahash,16384,clear-empty,quick_cache,7,3.953760
string24,ahash,16384,clear-empty,lru,7,2.144784
string24,ahash,16384,clear-empty,hashlink,7,0.605076
string24,ahash,16384,clear-empty,micro,7,0.365220
string24,ahash,16384,clear-empty,baseline,7,421.712267
string24,ahash,16384,clear-empty,lru,8,2.149559
string24,ahash,16384,clear-empty,hashlink,8,0.614046
string24,ahash,16384,clear-empty,micro,8,0.367536
string24,ahash,16384,clear-empty,baseline,8,315.366683
string24,ahash,16384,clear-empty,quick_cache,8,3.991521
string128,sip,128,clear-refill,micro,0,5237.827225
string128,sip,128,clear-refill,baseline,0,5714.285714
string128,sip,128,clear-refill,quick_cache,0,5071.217832
string128,sip,128,clear-refill,lru,0,15002.371257
string128,sip,128,clear-refill,hashlink,0,9157.221207
string128,sip,128,clear-refill,baseline,1,5350.935829
string128,sip,128,clear-refill,quick_cache,1,5614.197531
string128,sip,128,clear-refill,lru,1,15066.391566
string128,sip,128,clear-refill,hashlink,1,9271.759259
string128,sip,128,clear-refill,micro,1,5183.178535
string128,sip,128,clear-refill,quick_cache,2,5340.404482
string128,sip,128,clear-refill,lru,2,14929.104478
string128,sip,128,clear-refill,hashlink,2,9296.390335
string128,sip,128,clear-refill,micro,2,5135.780287
string128,sip,128,clear-refill,baseline,2,5189.013485
string128,sip,128,clear-refill,lru,3,14944.029851
string128,sip,128,clear-refill,hashlink,3,9269.366667
string128,sip,128,clear-refill,micro,3,5744.690011
string128,sip,128,clear-refill,baseline,3,5288.671247
string128,sip,128,clear-refill,quick_cache,3,5716.905143
string128,sip,128,clear-refill,hashlink,4,10181.571138
string128,sip,128,clear-refill,micro,4,5445.819369
string128,sip,128,clear-refill,baseline,4,5921.449704
string128,sip,128,clear-refill,quick_cache,4,5589.757542
string128,sip,128,clear-refill,lru,4,15145.015106
string128,sip,128,clear-refill,micro,5,5081.300813
string128,sip,128,clear-refill,baseline,5,5547.441242
string128,sip,128,clear-refill,quick_cache,5,5110.530133
string128,sip,128,clear-refill,lru,5,14885.788690
string128,sip,128,clear-refill,hashlink,5,9189.908257
string128,sip,128,clear-refill,baseline,6,5416.576840
string128,sip,128,clear-refill,quick_cache,6,5150.661174
string128,sip,128,clear-refill,lru,6,15342.279141
string128,sip,128,clear-refill,hashlink,6,9185.779817
string128,sip,128,clear-refill,micro,6,5230.169456
string128,sip,128,clear-refill,quick_cache,7,5109.805924
string128,sip,128,clear-refill,lru,7,14875.495549
string128,sip,128,clear-refill,hashlink,7,9727.023301
string128,sip,128,clear-refill,micro,7,5994.061078
string128,sip,128,clear-refill,baseline,7,6079.789793
string128,sip,128,clear-refill,lru,8,15035.534535
string128,sip,128,clear-refill,hashlink,8,9806.943137
string128,sip,128,clear-refill,micro,8,5201.360707
string128,sip,128,clear-refill,baseline,8,6151.445264
string128,sip,128,clear-refill,quick_cache,8,5439.176087
string128,sip,128,clear-empty,micro,0,0.368625
string128,sip,128,clear-empty,baseline,0,48.197535
string128,sip,128,clear-empty,quick_cache,0,3.958162
string128,sip,128,clear-empty,lru,0,2.227294
string128,sip,128,clear-empty,hashlink,0,0.616970
string128,sip,128,clear-empty,baseline,1,54.810596
string128,sip,128,clear-empty,quick_cache,1,3.961043
string128,sip,128,clear-empty,lru,1,2.224318
string128,sip,128,clear-empty,hashlink,1,0.591252
string128,sip,128,clear-empty,micro,1,0.369309
string128,sip,128,clear-empty,quick_cache,2,4.034018
string128,sip,128,clear-empty,lru,2,2.248999
string128,sip,128,clear-empty,hashlink,2,0.617101
string128,sip,128,clear-empty,micro,2,0.369784
string128,sip,128,clear-empty,baseline,2,54.935295
string128,sip,128,clear-empty,lru,3,2.249441
string128,sip,128,clear-empty,hashlink,3,0.617228
string128,sip,128,clear-empty,micro,3,0.366681
string128,sip,128,clear-empty,baseline,3,54.455366
string128,sip,128,clear-empty,quick_cache,3,4.042933
string128,sip,128,clear-empty,hashlink,4,0.606711
string128,sip,128,clear-empty,micro,4,0.365480
string128,sip,128,clear-empty,baseline,4,49.108256
string128,sip,128,clear-empty,quick_cache,4,3.978695
string128,sip,128,clear-empty,lru,4,2.218926
string128,sip,128,clear-empty,micro,5,0.368775
string128,sip,128,clear-empty,baseline,5,55.074461
string128,sip,128,clear-empty,quick_cache,5,4.033017
string128,sip,128,clear-empty,lru,5,2.245027
string128,sip,128,clear-empty,hashlink,5,0.612717
string128,sip,128,clear-empty,baseline,6,54.132942
string128,sip,128,clear-empty,quick_cache,6,3.960735
string128,sip,128,clear-empty,lru,6,2.212922
string128,sip,128,clear-empty,hashlink,6,0.607088
string128,sip,128,clear-empty,micro,6,0.364964
string128,sip,128,clear-empty,quick_cache,7,4.022187
string128,sip,128,clear-empty,lru,7,2.233605
string128,sip,128,clear-empty,hashlink,7,0.606603
string128,sip,128,clear-empty,micro,7,0.369574
string128,sip,128,clear-empty,baseline,7,54.272005
string128,sip,128,clear-empty,lru,8,2.218329
string128,sip,128,clear-empty,hashlink,8,0.613371
string128,sip,128,clear-empty,micro,8,0.372606
string128,sip,128,clear-empty,baseline,8,54.847985
string128,sip,128,clear-empty,quick_cache,8,3.992104
string128,sip,1024,clear-refill,micro,0,50922.979798
string128,sip,1024,clear-refill,baseline,0,49928.217822
string128,sip,1024,clear-refill,quick_cache,0,53196.926316
string128,sip,1024,clear-refill,lru,0,139004.638889
string128,sip,1024,clear-refill,hashlink,0,89780.500000
string128,sip,1024,clear-refill,baseline,1,50568.606061
string128,sip,1024,clear-refill,quick_cache,1,53250.882979
string128,sip,1024,clear-refill,lru,1,135007.684211
string128,sip,1024,clear-refill,hashlink,1,89643.607143
string128,sip,1024,clear-refill,micro,1,51502.979592
string128,sip,1024,clear-refill,quick_cache,2,50570.292929
string128,sip,1024,clear-refill,lru,2,132777.394737
string128,sip,1024,clear-refill,hashlink,2,88126.473684
string128,sip,1024,clear-refill,micro,2,53433.510638
string128,sip,1024,clear-refill,baseline,2,51609.536082
string128,sip,1024,clear-refill,lru,3,130444.461538
string128,sip,1024,clear-refill,hashlink,3,87535.931034
string128,sip,1024,clear-refill,micro,3,49958.336634
string128,sip,1024,clear-refill,baseline,3,49233.245098
string128,sip,1024,clear-refill,quick_cache,3,50864.484848
string128,sip,1024,clear-refill,hashlink,4,87209.775862
string128,sip,1024,clear-refill,micro,4,52198.781250
string128,sip,1024,clear-refill,baseline,4,49677.396040
string128,sip,1024,clear-refill,quick_cache,4,49808.990099
string128,sip,1024,clear-refill,lru,4,130318.358974
string128,sip,1024,clear-refill,micro,5,46880.841121
string128,sip,1024,clear-refill,baseline,5,47507.867925
string128,sip,1024,clear-refill,quick_cache,5,51020.836735
string128,sip,1024,clear-refill,lru,5,202915.000000
string128,sip,1024,clear-refill,hashlink,5,86773.706897
string128,sip,1024,clear-refill,baseline,6,64060.658228
string128,sip,1024,clear-refill,quick_cache,6,104309.020833
string128,sip,1024,clear-refill,lru,6,228191.318182
string128,sip,1024,clear-refill,hashlink,6,86344.827586
string128,sip,1024,clear-refill,micro,6,45680.681818
string128,sip,1024,clear-refill,quick_cache,7,49679.049505
string128,sip,1024,clear-refill,lru,7,133337.710526
string128,sip,1024,clear-refill,hashlink,7,84950.559322
string128,sip,1024,clear-refill,micro,7,47934.523810
string128,sip,1024,clear-refill,baseline,7,48684.466019
string128,sip,1024,clear-refill,lru,8,130571.589744
string128,sip,1024,clear-refill,hashlink,8,82681.688525
string128,sip,1024,clear-refill,micro,8,45017.482143
string128,sip,1024,clear-refill,baseline,8,46555.166667
string128,sip,1024,clear-refill,quick_cache,8,49708.742574
string128,sip,1024,clear-empty,micro,0,0.368827
string128,sip,1024,clear-empty,baseline,0,48.477163
string128,sip,1024,clear-empty,quick_cache,0,3.999395
string128,sip,1024,clear-empty,lru,0,2.243260
string128,sip,1024,clear-empty,hashlink,0,0.612021
string128,sip,1024,clear-empty,baseline,1,47.080506
string128,sip,1024,clear-empty,quick_cache,1,4.172222
string128,sip,1024,clear-empty,lru,1,2.241257
string128,sip,1024,clear-empty,hashlink,1,0.671419
string128,sip,1024,clear-empty,micro,1,0.356299
string128,sip,1024,clear-empty,quick_cache,2,3.901568
string128,sip,1024,clear-empty,lru,2,2.259461
string128,sip,1024,clear-empty,hashlink,2,0.609956
string128,sip,1024,clear-empty,micro,2,0.362623
string128,sip,1024,clear-empty,baseline,2,47.248094
string128,sip,1024,clear-empty,lru,3,2.217862
string128,sip,1024,clear-empty,hashlink,3,0.619067
string128,sip,1024,clear-empty,micro,3,0.363271
string128,sip,1024,clear-empty,baseline,3,47.811774
string128,sip,1024,clear-empty,quick_cache,3,3.937615
string128,sip,1024,clear-empty,hashlink,4,0.606929
string128,sip,1024,clear-empty,micro,4,0.365764
string128,sip,1024,clear-empty,baseline,4,47.769187
string128,sip,1024,clear-empty,quick_cache,4,4.040694
string128,sip,1024,clear-empty,lru,4,2.247907
string128,sip,1024,clear-empty,micro,5,0.365391
string128,sip,1024,clear-empty,baseline,5,48.027526
string128,sip,1024,clear-empty,quick_cache,5,3.976894
string128,sip,1024,clear-empty,lru,5,2.219411
string128,sip,1024,clear-empty,hashlink,5,0.605062
string128,sip,1024,clear-empty,baseline,6,48.243798
string128,sip,1024,clear-empty,quick_cache,6,4.010068
string128,sip,1024,clear-empty,lru,6,2.256235
string128,sip,1024,clear-empty,hashlink,6,0.606251
string128,sip,1024,clear-empty,micro,6,0.365251
string128,sip,1024,clear-empty,quick_cache,7,3.966298
string128,sip,1024,clear-empty,lru,7,2.233861
string128,sip,1024,clear-empty,hashlink,7,0.610567
string128,sip,1024,clear-empty,micro,7,0.365487
string128,sip,1024,clear-empty,baseline,7,48.771704
string128,sip,1024,clear-empty,lru,8,2.238063
string128,sip,1024,clear-empty,hashlink,8,0.609086
string128,sip,1024,clear-empty,micro,8,0.365531
string128,sip,1024,clear-empty,baseline,8,48.141808
string128,sip,1024,clear-empty,quick_cache,8,3.970937
string128,sip,16384,clear-refill,micro,0,864902.833333
string128,sip,16384,clear-refill,baseline,0,815458.285714
string128,sip,16384,clear-refill,quick_cache,0,839548.666667
string128,sip,16384,clear-refill,lru,0,2216528.000000
string128,sip,16384,clear-refill,hashlink,0,1392385.500000
string128,sip,16384,clear-refill,baseline,1,833368.000000
string128,sip,16384,clear-refill,quick_cache,1,826613.000000
string128,sip,16384,clear-refill,lru,1,2176208.333333
string128,sip,16384,clear-refill,hashlink,1,1400812.500000
string128,sip,16384,clear-refill,micro,1,848569.333333
string128,sip,16384,clear-refill,quick_cache,2,857430.500000
string128,sip,16384,clear-refill,lru,2,2175986.333333
string128,sip,16384,clear-refill,hashlink,2,1359114.500000
string128,sip,16384,clear-refill,micro,2,815660.714286
string128,sip,16384,clear-refill,baseline,2,875444.500000
string128,sip,16384,clear-refill,lru,3,2567604.500000
string128,sip,16384,clear-refill,hashlink,3,1340708.250000
string128,sip,16384,clear-refill,micro,3,822535.714286
string128,sip,16384,clear-refill,baseline,3,786065.428571
string128,sip,16384,clear-refill,quick_cache,3,844895.833333
string128,sip,16384,clear-refill,hashlink,4,1364375.000000
string128,sip,16384,clear-refill,micro,4,787333.285714
string128,sip,16384,clear-refill,baseline,4,800642.857143
string128,sip,16384,clear-refill,quick_cache,4,835034.666667
string128,sip,16384,clear-refill,lru,4,2274611.000000
string128,sip,16384,clear-refill,micro,5,789916.714286
string128,sip,16384,clear-refill,baseline,5,805815.428571
string128,sip,16384,clear-refill,quick_cache,5,800720.142857
string128,sip,16384,clear-refill,lru,5,2263486.333333
string128,sip,16384,clear-refill,hashlink,5,1408156.250000
string128,sip,16384,clear-refill,baseline,6,801380.857143
string128,sip,16384,clear-refill,quick_cache,6,799321.428571
string128,sip,16384,clear-refill,lru,6,2565972.333333
string128,sip,16384,clear-refill,hashlink,6,1421104.000000
string128,sip,16384,clear-refill,micro,6,795011.857143
string128,sip,16384,clear-refill,quick_cache,7,822345.142857
string128,sip,16384,clear-refill,lru,7,2234180.666667
string128,sip,16384,clear-refill,hashlink,7,1412771.000000
string128,sip,16384,clear-refill,micro,7,848430.666667
string128,sip,16384,clear-refill,baseline,7,806964.285714
string128,sip,16384,clear-refill,lru,8,2182444.666667
string128,sip,16384,clear-refill,hashlink,8,1382208.250000
string128,sip,16384,clear-refill,micro,8,814892.857143
string128,sip,16384,clear-refill,baseline,8,887590.166667
string128,sip,16384,clear-refill,quick_cache,8,865187.500000
string128,sip,16384,clear-empty,micro,0,0.362327
string128,sip,16384,clear-empty,baseline,0,307.535828
string128,sip,16384,clear-empty,quick_cache,0,3.992238
string128,sip,16384,clear-empty,lru,0,2.246506
string128,sip,16384,clear-empty,hashlink,0,0.611647
string128,sip,16384,clear-empty,baseline,1,348.675644
string128,sip,16384,clear-empty,quick_cache,1,3.960943
string128,sip,16384,clear-empty,lru,1,2.215776
string128,sip,16384,clear-empty,hashlink,1,0.612193
string128,sip,16384,clear-empty,micro,1,0.361325
string128,sip,16384,clear-empty,quick_cache,2,4.097964
string128,sip,16384,clear-empty,lru,2,2.216438
string128,sip,16384,clear-empty,hashlink,2,0.607566
string128,sip,16384,clear-empty,micro,2,0.361035
string128,sip,16384,clear-empty,baseline,2,320.076235
string128,sip,16384,clear-empty,lru,3,2.269775
string128,sip,16384,clear-empty,hashlink,3,0.611700
string128,sip,16384,clear-empty,micro,3,0.366027
string128,sip,16384,clear-empty,baseline,3,322.033491
string128,sip,16384,clear-empty,quick_cache,3,3.945634
string128,sip,16384,clear-empty,hashlink,4,0.607250
string128,sip,16384,clear-empty,micro,4,0.369668
string128,sip,16384,clear-empty,baseline,4,322.038806
string128,sip,16384,clear-empty,quick_cache,4,4.001199
string128,sip,16384,clear-empty,lru,4,2.237499
string128,sip,16384,clear-empty,micro,5,0.365994
string128,sip,16384,clear-empty,baseline,5,321.219647
string128,sip,16384,clear-empty,quick_cache,5,4.024707
string128,sip,16384,clear-empty,lru,5,2.223398
string128,sip,16384,clear-empty,hashlink,5,0.615662
string128,sip,16384,clear-empty,baseline,6,333.454714
string128,sip,16384,clear-empty,quick_cache,6,4.028026
string128,sip,16384,clear-empty,lru,6,2.190558
string128,sip,16384,clear-empty,hashlink,6,0.618058
string128,sip,16384,clear-empty,micro,6,0.366007
string128,sip,16384,clear-empty,quick_cache,7,3.963211
string128,sip,16384,clear-empty,lru,7,2.234204
string128,sip,16384,clear-empty,hashlink,7,0.608669
string128,sip,16384,clear-empty,micro,7,0.371331
string128,sip,16384,clear-empty,baseline,7,330.205599
string128,sip,16384,clear-empty,lru,8,2.216978
string128,sip,16384,clear-empty,hashlink,8,0.608959
string128,sip,16384,clear-empty,micro,8,0.363555
string128,sip,16384,clear-empty,baseline,8,315.870716
string128,sip,16384,clear-empty,quick_cache,8,3.974467
string128,ahash,128,clear-refill,micro,0,2921.412383
string128,ahash,128,clear-refill,baseline,0,2953.780272
string128,ahash,128,clear-refill,quick_cache,0,3056.412592
string128,ahash,128,clear-refill,lru,0,7146.012857
string128,ahash,128,clear-refill,hashlink,0,3944.762618
string128,ahash,128,clear-refill,baseline,1,2934.467723
string128,ahash,128,clear-refill,quick_cache,1,3005.608774
string128,ahash,128,clear-refill,lru,1,6977.569038
string128,ahash,128,clear-refill,hashlink,1,4007.545673
string128,ahash,128,clear-refill,micro,1,2896.967555
string128,ahash,128,clear-refill,quick_cache,2,3213.096981
string128,ahash,128,clear-refill,lru,2,6648.296149
string128,ahash,128,clear-refill,hashlink,2,3944.368297
string128,ahash,128,clear-refill,micro,2,2882.660519
string128,ahash,128,clear-refill,baseline,2,2917.177363
string128,ahash,128,clear-refill,lru,3,6625.441060
string128,ahash,128,clear-refill,hashlink,3,4100.717213
string128,ahash,128,clear-refill,micro,3,2914.942890
string128,ahash,128,clear-refill,baseline,3,2908.861547
string128,ahash,128,clear-refill,quick_cache,3,3205.076874
string128,ahash,128,clear-refill,hashlink,4,3962.262282
string128,ahash,128,clear-refill,micro,4,2917.590432
string128,ahash,128,clear-refill,baseline,4,2965.722420
string128,ahash,128,clear-refill,quick_cache,4,3123.620862
string128,ahash,128,clear-refill,lru,4,6823.896317
string128,ahash,128,clear-refill,micro,5,2900.000000
string128,ahash,128,clear-refill,baseline,5,2925.930954
string128,ahash,128,clear-refill,quick_cache,5,3011.714630
string128,ahash,128,clear-refill,lru,5,6623.509934
string128,ahash,128,clear-refill,hashlink,5,3969.477778
string128,ahash,128,clear-refill,baseline,6,2934.516432
string128,ahash,128,clear-refill,quick_cache,6,3108.996271
string128,ahash,128,clear-refill,lru,6,6715.492617
string128,ahash,128,clear-refill,hashlink,6,3998.867306
string128,ahash,128,clear-refill,micro,6,2888.889081
string128,ahash,128,clear-refill,quick_cache,7,3322.183931
string128,ahash,128,clear-refill,lru,7,6659.121172
string128,ahash,128,clear-refill,hashlink,7,3957.904272
string128,ahash,128,clear-refill,micro,7,2866.995986
string128,ahash,128,clear-refill,baseline,7,2935.543427
string128,ahash,128,clear-refill,lru,8,6797.554348
string128,ahash,128,clear-refill,hashlink,8,3994.742013
string128,ahash,128,clear-refill,micro,8,2874.712644
string128,ahash,128,clear-refill,baseline,8,2929.969537
string128,ahash,128,clear-refill,quick_cache,8,2994.361078
string128,ahash,128,clear-empty,micro,0,0.368591
string128,ahash,128,clear-empty,baseline,0,48.861084
string128,ahash,128,clear-empty,quick_cache,0,3.971745
string128,ahash,128,clear-empty,lru,0,2.166228
string128,ahash,128,clear-empty,hashlink,0,0.615022
string128,ahash,128,clear-empty,baseline,1,48.690872
string128,ahash,128,clear-empty,quick_cache,1,3.976397
string128,ahash,128,clear-empty,lru,1,2.167412
string128,ahash,128,clear-empty,hashlink,1,0.613597
string128,ahash,128,clear-empty,micro,1,0.368816
string128,ahash,128,clear-empty,quick_cache,2,3.976894
string128,ahash,128,clear-empty,lru,2,2.146834
string128,ahash,128,clear-empty,hashlink,2,0.622362
string128,ahash,128,clear-empty,micro,2,0.361081
string128,ahash,128,clear-empty,baseline,2,48.903408
string128,ahash,128,clear-empty,lru,3,2.141150
string128,ahash,128,clear-empty,hashlink,3,0.613578
string128,ahash,128,clear-empty,micro,3,0.369861
string128,ahash,128,clear-empty,baseline,3,49.525732
string128,ahash,128,clear-empty,quick_cache,3,3.931771
string128,ahash,128,clear-empty,hashlink,4,0.619278
string128,ahash,128,clear-empty,micro,4,0.368327
string128,ahash,128,clear-empty,baseline,4,41.992531
string128,ahash,128,clear-empty,quick_cache,4,3.972042
string128,ahash,128,clear-empty,lru,4,2.168970
string128,ahash,128,clear-empty,micro,5,0.365771
string128,ahash,128,clear-empty,baseline,5,50.045706
string128,ahash,128,clear-empty,quick_cache,5,4.032084
string128,ahash,128,clear-empty,lru,5,2.177336
string128,ahash,128,clear-empty,hashlink,5,0.610714
string128,ahash,128,clear-empty,baseline,6,50.208869
string128,ahash,128,clear-empty,quick_cache,6,3.960338
string128,ahash,128,clear-empty,lru,6,2.138824
string128,ahash,128,clear-empty,hashlink,6,0.608978
string128,ahash,128,clear-empty,micro,6,0.365371
string128,ahash,128,clear-empty,quick_cache,7,4.034119
string128,ahash,128,clear-empty,lru,7,2.162134
string128,ahash,128,clear-empty,hashlink,7,0.608536
string128,ahash,128,clear-empty,micro,7,0.364940
string128,ahash,128,clear-empty,baseline,7,49.439295
string128,ahash,128,clear-empty,lru,8,2.148015
string128,ahash,128,clear-empty,hashlink,8,0.609143
string128,ahash,128,clear-empty,micro,8,0.369218
string128,ahash,128,clear-empty,baseline,8,49.973695
string128,ahash,128,clear-empty,quick_cache,8,4.088019
string128,ahash,1024,clear-refill,micro,0,33747.208054
string128,ahash,1024,clear-refill,baseline,0,32059.826923
string128,ahash,1024,clear-refill,quick_cache,0,33451.666667
string128,ahash,1024,clear-refill,lru,0,70979.464789
string128,ahash,1024,clear-refill,hashlink,0,41891.316667
string128,ahash,1024,clear-refill,baseline,1,31616.616352
string128,ahash,1024,clear-refill,quick_cache,1,34204.360544
string128,ahash,1024,clear-refill,lru,1,76812.500000
string128,ahash,1024,clear-refill,hashlink,1,40426.072581
string128,ahash,1024,clear-refill,micro,1,34152.782313
string128,ahash,1024,clear-refill,quick_cache,2,33996.060811
string128,ahash,1024,clear-refill,lru,2,72275.585714
string128,ahash,1024,clear-refill,hashlink,2,42973.649573
string128,ahash,1024,clear-refill,micro,2,31637.836478
string128,ahash,1024,clear-refill,baseline,2,32174.942308
string128,ahash,1024,clear-refill,lru,3,74265.926471
string128,ahash,1024,clear-refill,hashlink,3,40719.170732
string128,ahash,1024,clear-refill,micro,3,31147.776398
string128,ahash,1024,clear-refill,baseline,3,30448.993939
string128,ahash,1024,clear-refill,quick_cache,3,32472.402597
string128,ahash,1024,clear-refill,hashlink,4,40443.879032
string128,ahash,1024,clear-refill,micro,4,31584.383648
string128,ahash,1024,clear-refill,baseline,4,33155.629139
string128,ahash,1024,clear-refill,quick_cache,4,33447.500000
string128,ahash,1024,clear-refill,lru,4,70971.239437
string128,ahash,1024,clear-refill,micro,5,33522.773333
string128,ahash,1024,clear-refill,baseline,5,31145.962733
string128,ahash,1024,clear-refill,quick_cache,5,33381.386667
string128,ahash,1024,clear-refill,lru,5,72217.857143
string128,ahash,1024,clear-refill,hashlink,5,43589.495652
string128,ahash,1024,clear-refill,baseline,6,31876.063694
string128,ahash,1024,clear-refill,quick_cache,6,34406.390411
string128,ahash,1024,clear-refill,lru,6,71378.521127
string128,ahash,1024,clear-refill,hashlink,6,40546.032258
string128,ahash,1024,clear-refill,micro,6,30873.208589
string128,ahash,1024,clear-refill,quick_cache,7,34252.287671
string128,ahash,1024,clear-refill,lru,7,72660.623188
string128,ahash,1024,clear-refill,hashlink,7,40515.790323
string128,ahash,1024,clear-refill,micro,7,33256.072848
string128,ahash,1024,clear-refill,baseline,7,31568.660377
string128,ahash,1024,clear-refill,lru,8,74365.191176
string128,ahash,1024,clear-refill,hashlink,8,42062.319328
string128,ahash,1024,clear-refill,micro,8,32080.660256
string128,ahash,1024,clear-refill,baseline,8,30952.160494
string128,ahash,1024,clear-refill,quick_cache,8,33607.657718
string128,ahash,1024,clear-empty,micro,0,0.371338
string128,ahash,1024,clear-empty,baseline,0,49.369012
string128,ahash,1024,clear-empty,quick_cache,0,3.966706
string128,ahash,1024,clear-empty,lru,0,2.176050
string128,ahash,1024,clear-empty,hashlink,0,0.619671
string128,ahash,1024,clear-empty,baseline,1,48.993734
string128,ahash,1024,clear-empty,quick_cache,1,3.993286
string128,ahash,1024,clear-empty,lru,1,2.175717
string128,ahash,1024,clear-empty,hashlink,1,0.616391
string128,ahash,1024,clear-empty,micro,1,0.366419
string128,ahash,1024,clear-empty,quick_cache,2,4.030856
string128,ahash,1024,clear-empty,lru,2,2.155179
string128,ahash,1024,clear-empty,hashlink,2,0.613102
string128,ahash,1024,clear-empty,micro,2,0.371758
string128,ahash,1024,clear-empty,baseline,2,48.881025
string128,ahash,1024,clear-empty,lru,3,2.141656
string128,ahash,1024,clear-empty,hashlink,3,0.613415
string128,ahash,1024,clear-empty,micro,3,0.368107
string128,ahash,1024,clear-empty,baseline,3,49.998252
string128,ahash,1024,clear-empty,quick_cache,3,4.080673
string128,ahash,1024,clear-empty,hashlink,4,0.596111
string128,ahash,1024,clear-empty,micro,4,0.366897
string128,ahash,1024,clear-empty,baseline,4,48.760335
string128,ahash,1024,clear-empty,quick_cache,4,4.027599
string128,ahash,1024,clear-empty,lru,4,2.148068
string128,ahash,1024,clear-empty,micro,5,0.367232
string128,ahash,1024,clear-empty,baseline,5,49.263923
string128,ahash,1024,clear-empty,quick_cache,5,4.014322
string128,ahash,1024,clear-empty,lru,5,2.159027
string128,ahash,1024,clear-empty,hashlink,5,0.617267
string128,ahash,1024,clear-empty,baseline,6,49.480815
string128,ahash,1024,clear-empty,quick_cache,6,3.966938
string128,ahash,1024,clear-empty,lru,6,2.141350
string128,ahash,1024,clear-empty,hashlink,6,0.617477
string128,ahash,1024,clear-empty,micro,6,0.375644
string128,ahash,1024,clear-empty,quick_cache,7,4.067587
string128,ahash,1024,clear-empty,lru,7,2.171267
string128,ahash,1024,clear-empty,hashlink,7,0.610166
string128,ahash,1024,clear-empty,micro,7,0.371426
string128,ahash,1024,clear-empty,baseline,7,48.986803
string128,ahash,1024,clear-empty,lru,8,2.165009
string128,ahash,1024,clear-empty,hashlink,8,0.627863
string128,ahash,1024,clear-empty,micro,8,0.374033
string128,ahash,1024,clear-empty,baseline,8,49.002712
string128,ahash,1024,clear-empty,quick_cache,8,3.992887
string128,ahash,16384,clear-refill,micro,0,531850.000000
string128,ahash,16384,clear-refill,baseline,0,562634.222222
string128,ahash,16384,clear-refill,quick_cache,0,612907.333333
string128,ahash,16384,clear-refill,lru,0,1373010.500000
string128,ahash,16384,clear-refill,hashlink,0,761916.714286
string128,ahash,16384,clear-refill,baseline,1,570861.111111
string128,ahash,16384,clear-refill,quick_cache,1,568537.000000
string128,ahash,16384,clear-refill,lru,1,1595218.750000
string128,ahash,16384,clear-refill,hashlink,1,769101.142857
string128,ahash,16384,clear-refill,micro,1,542662.500000
string128,ahash,16384,clear-refill,quick_cache,2,546079.200000
string128,ahash,16384,clear-refill,lru,2,1272395.750000
string128,ahash,16384,clear-refill,hashlink,2,755345.285714
string128,ahash,16384,clear-refill,micro,2,582463.000000
string128,ahash,16384,clear-refill,baseline,2,574634.333333
string128,ahash,16384,clear-refill,lru,3,1307895.750000
string128,ahash,16384,clear-refill,hashlink,3,704953.125000
string128,ahash,16384,clear-refill,micro,3,569115.666667
string128,ahash,16384,clear-refill,baseline,3,570425.888889
string128,ahash,16384,clear-refill,quick_cache,3,578194.444444
string128,ahash,16384,clear-refill,hashlink,4,771583.285714
string128,ahash,16384,clear-refill,micro,4,561546.333333
string128,ahash,16384,clear-refill,baseline,4,656984.375000
string128,ahash,16384,clear-refill,quick_cache,4,627786.500000
string128,ahash,16384,clear-refill,lru,4,1404885.500000
string128,ahash,16384,clear-refill,micro,5,664177.125000
string128,ahash,16384,clear-refill,baseline,5,646411.375000
string128,ahash,16384,clear-refill,quick_cache,5,693958.375000
string128,ahash,16384,clear-refill,lru,5,1390864.500000
string128,ahash,16384,clear-refill,hashlink,5,876291.666667
string128,ahash,16384,clear-refill,baseline,6,645578.125000
string128,ahash,16384,clear-refill,quick_cache,6,640687.500000
string128,ahash,16384,clear-refill,lru,6,1344000.000000
string128,ahash,16384,clear-refill,hashlink,6,849625.000000
string128,ahash,16384,clear-refill,micro,6,625425.888889
string128,ahash,16384,clear-refill,quick_cache,7,664453.125000
string128,ahash,16384,clear-refill,lru,7,1415125.000000
string128,ahash,16384,clear-refill,hashlink,7,882770.833333
string128,ahash,16384,clear-refill,micro,7,619027.777778
string128,ahash,16384,clear-refill,baseline,7,615412.000000
string128,ahash,16384,clear-refill,lru,8,1371385.500000
string128,ahash,16384,clear-refill,hashlink,8,875548.666667
string128,ahash,16384,clear-refill,micro,8,653869.750000
string128,ahash,16384,clear-refill,baseline,8,623314.777778
string128,ahash,16384,clear-refill,quick_cache,8,692557.250000
string128,ahash,16384,clear-empty,micro,0,0.366639
string128,ahash,16384,clear-empty,baseline,0,3522.379557
string128,ahash,16384,clear-empty,quick_cache,0,3.983017
string128,ahash,16384,clear-empty,lru,0,2.190357
string128,ahash,16384,clear-empty,hashlink,0,0.618367
string128,ahash,16384,clear-empty,baseline,1,517.205489
string128,ahash,16384,clear-empty,quick_cache,1,3.964787
string128,ahash,16384,clear-empty,lru,1,2.164512
string128,ahash,16384,clear-empty,hashlink,1,0.607538
string128,ahash,16384,clear-empty,micro,1,0.367599
string128,ahash,16384,clear-empty,quick_cache,2,4.013297
string128,ahash,16384,clear-empty,lru,2,2.145727
string128,ahash,16384,clear-empty,hashlink,2,0.611743
string128,ahash,16384,clear-empty,micro,2,0.369392
string128,ahash,16384,clear-empty,baseline,2,323.244877
string128,ahash,16384,clear-empty,lru,3,2.154228
string128,ahash,16384,clear-empty,hashlink,3,0.616478
string128,ahash,16384,clear-empty,micro,3,0.369074
string128,ahash,16384,clear-empty,baseline,3,331.523702
string128,ahash,16384,clear-empty,quick_cache,3,3.944147
string128,ahash,16384,clear-empty,hashlink,4,0.609513
string128,ahash,16384,clear-empty,micro,4,0.364195
string128,ahash,16384,clear-empty,baseline,4,351.292201
string128,ahash,16384,clear-empty,quick_cache,4,3.947894
string128,ahash,16384,clear-empty,lru,4,2.169247
string128,ahash,16384,clear-empty,micro,5,0.362552
string128,ahash,16384,clear-empty,baseline,5,314.928509
string128,ahash,16384,clear-empty,quick_cache,5,3.973327
string128,ahash,16384,clear-empty,lru,5,2.175432
string128,ahash,16384,clear-empty,hashlink,5,0.617653
string128,ahash,16384,clear-empty,baseline,6,543.651367
string128,ahash,16384,clear-empty,quick_cache,6,3.958865
string128,ahash,16384,clear-empty,lru,6,2.143408
string128,ahash,16384,clear-empty,hashlink,6,0.610686
string128,ahash,16384,clear-empty,micro,6,0.365377
string128,ahash,16384,clear-empty,quick_cache,7,4.004113
string128,ahash,16384,clear-empty,lru,7,2.165327
string128,ahash,16384,clear-empty,hashlink,7,0.621500
string128,ahash,16384,clear-empty,micro,7,0.367574
string128,ahash,16384,clear-empty,baseline,7,317.535093
string128,ahash,16384,clear-empty,lru,8,2.180441
string128,ahash,16384,clear-empty,hashlink,8,0.609144
string128,ahash,16384,clear-empty,micro,8,0.366567
string128,ahash,16384,clear-empty,baseline,8,329.698307
string128,ahash,16384,clear-empty,quick_cache,8,3.972486
